13.99,-0.9941578053736886,0.9940434404178762,0.4264020500151475,0.9918732160897312,-0.9900926215671461,0.33086559963852746,-0.496691523780351,0.9938344116583973
33.87,-0.05523098918742686,-0.16567390673631266,0.14213401667171577,-0.3306244053632438,0.9900926215671462,0.33086559963852746,-0.496691523780351,-0.1987668823316795
32.77,0.5523098918742717,-0.6626956269452507,-0.142134016671716,-0.7714569458475686,0.9900926215671462,0.33086559963852746,0.24834576189017543,-0.1987668823316795
16.44,-0.6075408810616988,0.497021720208938,-0.42640205001514775,0.9918732160897312,-0.9900926215671461,-0.9925967989155825,0.9933830475607017,-0.1987668823316795
33.88,-0.22092395674970844,0.0,0.994938116702011,-0.7714569458475686,0.9900926215671462,0.9925967989155824,-0.496691523780351,0.9938344116583973
15.37,-0.6075408810616988,0.497021720208938,-0.42640205001514775,0.9918732160897312,-0.9900926215671461,-0.9925967989155825,0.24834576189017543,0.5963006469950383
39.37,-0.22092395674970844,0.0,0.994938116702011,-0.7714569458475686,0.9900926215671462,-0.9925967989155825,0.9933830475607017,0.9938344116583973
14.26,-0.4970789026868444,0.3313478134726253,-0.7106700833585795,0.9918732160897312,-0.9900926215671461,0.33086559963852746,-0.496691523780351,0.9938344116583973
19.18,-0.8836958269988342,0.8283695336815635,0.14213401667171577,0.9918732160897312,-0.9900926215671461,-0.3308655996385276,-0.496691523780351,0.1987668823316795
12.08,-0.9941578053736886,0.9940434404178762,0.4264020500151475,0.9918732160897312,-0.9900926215671461,0.33086559963852746,-0.9933830475607017,-0.9938344116583971
15.85,-0.7732338486239798,0.6626956269452509,-0.142134016671716,0.9918732160897312,-0.9900926215671461,-0.3308655996385276,0.24834576189017543,-0.1987668823316795
17.25,-0.3313859351245628,0.16567390673631266,-0.9949381167020114,0.9918732160897312,-0.9900926215671461,0.9925967989155824,0.9933830475607017,-0.5963006469950383
22.72,-0.8836958269988342,0.8283695336815635,0.14213401667171577,0.9918732160897312,-0.9900926215671461,-0.9925967989155825,0.9933830475607017,-0.5963006469950383
25.16,0.11046197837485416,-0.33134781347262543,-0.142134016671716,-0.3306244053632438,0.9900926215671462,0.9925967989155824,-0.496691523780351,0.5963006469950383
13.87,-0.4970789026868444,0.3313478134726253,-0.7106700833585795,0.9918732160897312,-0.9900926215671461,0.9925967989155824,-0.496691523780351,0.1987668823316795
27.31,0.11046197837485416,-0.33134781347262543,-0.142134016671716,-0.3306244053632438,0.9900926215671462,-0.9925967989155825,-0.496691523780351,-0.5963006469950383
15.99,-0.6075408810616988,0.497021720208938,-0.42640205001514775,0.9918732160897312,-0.9900926215671461,0.9925967989155824,0.24834576189017543,-0.1987668823316795
40.36,-0.22092395674970844,0.0,0.994938116702011,-0.7714569458475686,0.9900926215671462,-0.9925967989155825,0.9933830475607017,0.5963006469950383
28.51,0.11046197837485416,-0.33134781347262543,-0.142134016671716,-0.3306244053632438,0.9900926215671462,0.9925967989155824,-0.496691523780351,-0.5963006469950383
14.61,-0.9941578053736886,0.9940434404178762,0.4264020500151475,0.9918732160897312,-0.9900926215671461,-0.3308655996385276,0.24834576189017543,0.9938344116583973
14.86,-0.7732338486239798,0.6626956269452509,-0.142134016671716,0.9918732160897312,-0.9900926215671461,-0.9925967989155825,-0.496691523780351,-0.1987668823316795
15.84,-0.6075408810616988,0.497021720208938,-0.42640205001514775,0.9918732160897312,-0.9900926215671461,-0.3308655996385276,0.9933830475607017,0.1987668823316795
32.54,0.11046197837485416,-0.33134781347262543,-0.142134016671716,-0.3306244053632438,0.9900926215671462,0.9925967989155824,0.9933830475607017,0.9938344116583973
29.92,0.5523098918742717,-0.6626956269452507,-0.142134016671716,-0.7714569458475686,0.9900926215671462,0.9925967989155824,-0.496691523780351,0.5963006469950383
17.82,-0.7732338486239798,0.6626956269452509,-0.142134016671716,0.9918732160897312,-0.9900926215671461,-0.3308655996385276,0.9933830475607017,0.5963006469950383
16.58,-0.9941578053736886,0.9940434404178762,0.4264020500151475,0.9918732160897312,-0.9900926215671461,0.33086559963852746,0.9933830475607017,0.5963006469950383
15.3,-0.9941578053736886,0.9940434404178762,0.4264020500151475,0.9918732160897312,-0.9900926215671461,0.9925967989155824,0.24834576189017543,-0.1987668823316795
13.46,-0.7732338486239798,0.6626956269452509,-0.142134016671716,0.9918732160897312,-0.9900926215671461,-0.9925967989155825,-0.496691523780351,0.1987668823316795
31.0,0.33138593512456294,-0.4970217202089381,-0.42640205001514775,-0.3306244053632438,0.9900926215671462,0.9925967989155824,0.9933830475607017,0.5963006469950383
29.43,0.11046197837485416,-0.33134781347262543,-0.142134016671716,-0.3306244053632438,0.9900926215671462,-0.3308655996385276,0.24834576189017543,0.5963006469950383
15.52,-0.6075408810616988,0.497021720208938,-0.42640205001514775,0.9918732160897312,-0.9900926215671461,-0.9925967989155825,0.24834576189017543,-0.1987668823316795
16.93,-0.3313859351245628,0.16567390673631266,-0.9949381167020114,0.9918732160897312,-0.9900926215671461,-0.3308655996385276,0.9933830475607017,-0.1987668823316795
20.47,-0.8836958269988342,0.8283695336815635,0.14213401667171577,0.9918732160897312,-0.9900926215671461,-0.9925967989155825,0.24834576189017543,-0.1987668823316795
11.93,-0.6075408810616988,0.497021720208938,-0.42640205001514775,0.9918732160897312,-0.9900926215671461,0.9925967989155824,-0.9933830475607017,-0.9938344116583971
34.07,-0.22092395674970844,0.0,0.994938116702011,-0.7714569458475686,0.9900926215671462,-0.3308655996385276,-0.496691523780351,-0.1987668823316795
14.67,-0.6075408810616988,0.497021720208938,-0.42640205001514775,0.9918732160897312,-0.9900926215671461,0.33086559963852746,-0.496691523780351,0.1987668823316795
41.68,-0.05523098918742686,-0.16567390673631266,0.14213401667171577,-0.3306244053632438,0.9900926215671462,-0.9925967989155825,-0.496691523780351,-0.5963006469950383
14.35,-0.9941578053736886,0.9940434404178762,0.4264020500151475,0.9918732160897312,-0.9900926215671461,0.9925967989155824,0.24834576189017543,0.1987668823316795
19.65,-0.8836958269988342,0.8283695336815635,0.14213401667171577,0.9918732160897312,-0.9900926215671461,-0.9925967989155825,0.24834576189017543,0.5963006469950383
29.82,0.33138593512456294,-0.4970217202089381,-0.42640205001514775,-0.3306244053632438,0.9900926215671462,0.9925967989155824,0.24834576189017543,0.1987668823316795
34.19,0.33138593512456294,-0.4970217202089381,-0.42640205001514775,-0.3306244053632438,0.9900926215671462,-0.3308655996385276,0.24834576189017543,0.5963006469950383
33.76,0.9941578053736886,-0.9940434404178762,-0.42640205001514775,-0.9918732160897312,0.9900926215671462,0.33086559963852746,0.9933830475607017,0.9938344116583973
14.12,-0.4970789026868444,0.3313478134726253,-0.7106700833585795,0.9918732160897312,-0.9900926215671461,-0.3308655996385276,-0.496691523780351,0.5963006469950383
34.15,0.33138593512456294,-0.4970217202089381,-0.42640205001514775,-0.3306244053632438,0.9900926215671462,0.33086559963852746,0.24834576189017543,0.9938344116583973
17.2,-0.6075408810616988,0.497021720208938,-0.42640205001514775,0.9918732160897312,-0.9900926215671461,0.9925967989155824,0.9933830475607017,-0.5963006469950383
46.23,-0.05523098918742686,-0.16567390673631266,0.14213401667171577,-0.3306244053632438,0.9900926215671462,0.33086559963852746,0.9933830475607017,0.5963006469950383
16.67,-0.8836958269988342,0.8283695336815635,0.14213401667171577,0.9918732160897312,-0.9900926215671461,0.9925967989155824,-0.9933830475607017,-0.9938344116583971
17.2,-0.4970789026868444,0.3313478134726253,-0.7106700833585795,0.9918732160897312,-0.9900926215671461,-0.3308655996385276,0.9933830475607017,0.5963006469950383
30.89,0.33138593512456294,-0.4970217202089381,-0.42640205001514775,-0.3306244053632438,0.9900926215671462,-0.9925967989155825,-0.496691523780351,-0.5963006469950383
28.95,0.11046197837485416,-0.33134781347262543,-0.142134016671716,-0.3306244053632438,0.9900926215671462,0.33086559963852746,0.9933830475607017,-0.1987668823316795
15.63,-0.6075408810616988,0.497021720208938,-0.42640205001514775,0.9918732160897312,-0.9900926215671461,-0.3308655996385276,0.24834576189017543,-0.5963006469950383
33.31,0.5523098918742717,-0.6626956269452507,-0.142134016671716,-0.7714569458475686,0.9900926215671462,0.9925967989155824,0.9933830475607017,0.1987668823316795
33.47,0.33138593512456294,-0.4970217202089381,-0.42640205001514775,-0.3306244053632438,0.9900926215671462,0.9925967989155824,0.24834576189017543,0.9938344116583973
37.29,-0.22092395674970844,0.0,0.994938116702011,-0.7714569458475686,0.9900926215671462,0.9925967989155824,0.24834576189017543,0.1987668823316795
16.9,-0.9941578053736886,0.9940434404178762,0.4264020500151475,0.9918732160897312,-0.9900926215671461,-0.9925967989155825,0.9933830475607017,0.1987668823316795
34.14,-0.22092395674970844,0.0,0.994938116702011,-0.7714569458475686,0.9900926215671462,0.33086559963852746,-0.496691523780351,-0.5963006469950383
25.89,0.9941578053736886,-0.9940434404178762,-0.42640205001514775,-0.9918732160897312,0.9900926215671462,0.9925967989155824,-0.496691523780351,-0.1987668823316795
12.04,-0.9941578053736886,0.9940434404178762,0.4264020500151475,0.9918732160897312,-0.9900926215671461,0.9925967989155824,-0.9933830475607017,-0.9938344116583971
14.65,-0.7732338486239798,0.6626956269452509,-0.142134016671716,0.9918732160897312,-0.9900926215671461,0.33086559963852746,-0.496691523780351,0.9938344116583973
14.11,-0.4970789026868444,0.3313478134726253,-0.7106700833585795,0.9918732160897312,-0.9900926215671461,-0.3308655996385276,-0.496691523780351,-0.1987668823316795
17.51,-0.4970789026868444,0.3313478134726253,-0.7106700833585795,0.9918732160897312,-0.9900926215671461,-0.3308655996385276,0.9933830475607017,-0.5963006469950383
15.76,-0.9941578053736886,0.9940434404178762,0.4264020500151475,0.9918732160897312,-0.9900926215671461,0.9925967989155824,0.24834576189017543,-0.5963006469950383
26.14,0.9941578053736886,-0.9940434404178762,-0.42640205001514775,-0.9918732160897312,0.9900926215671462,0.9925967989155824,-0.496691523780351,0.1987668823316795
15.27,-0.4970789026868444,0.3313478134726253,-0.7106700833585795,0.9918732160897312,-0.9900926215671461,-0.9925967989155825,0.24834576189017543,0.9938344116583973
29.6,0.5523098918742717,-0.6626956269452507,-0.142134016671716,-0.7714569458475686,0.9900926215671462,0.9925967989155824,-0.9933830475607017,-0.9938344116583971
25.72,0.9941578053736886,-0.9940434404178762,-0.42640205001514775,-0.9918732160897312,0.9900926215671462,-0.3308655996385276,-0.496691523780351,0.5963006469950383
15.56,-0.9941578053736886,0.9940434404178762,0.4264020500151475,0.9918732160897312,-0.9900926215671461,-0.3308655996385276,0.24834576189017543,0.5963006469950383
33.13,0.9941578053736886,-0.9940434404178762,-0.42640205001514775,-0.9918732160897312,0.9900926215671462,-0.3308655996385276,0.9933830475607017,-0.1987668823316795
36.38,0.5523098918742717,-0.6626956269452507,-0.142134016671716,-0.7714569458475686,0.9900926215671462,-0.3308655996385276,0.9933830475607017,-0.5963006469950383
16.99,-0.3313859351245628,0.16567390673631266,-0.9949381167020114,0.9918732160897312,-0.9900926215671461,0.33086559963852746,0.9933830475607017,-0.1987668823316795
29.59,0.9941578053736886,-0.9940434404178762,-0.42640205001514775,-0.9918732160897312,0.9900926215671462,-0.3308655996385276,0.24834576189017543,0.5963006469950383
33.54,0.11046197837485416,-0.33134781347262543,-0.142134016671716,-0.3306244053632438,0.9900926215671462,0.9925967989155824,0.9933830475607017,-0.5963006469950383
17.04,-0.7732338486239798,0.6626956269452509,-0.142134016671716,0.9918732160897312,-0.9900926215671461,-0.9925967989155825,0.9933830475607017,0.1987668823316795
29.44,0.5523098918742717,-0.6626956269452507,-0.142134016671716,-0.7714569458475686,0.9900926215671462,-0.3308655996385276,-0.496691523780351,-0.1987668823316795
29.36,0.5523098918742717,-0.6626956269452507,-0.142134016671716,-0.7714569458475686,0.9900926215671462,0.33086559963852746,-0.496691523780351,-0.1987668823316795
15.83,-0.6075408810616988,0.497021720208938,-0.42640205001514775,0.9918732160897312,-0.9900926215671461,0.33086559963852746,0.24834576189017543,0.5963006469950383
35.29,-0.05523098918742686,-0.16567390673631266,0.14213401667171577,-0.3306244053632438,0.9900926215671462,0.9925967989155824,-0.496691523780351,0.5963006469950383
21.4,-0.8836958269988342,0.8283695336815635,0.14213401667171577,0.9918732160897312,-0.9900926215671461,0.9925967989155824,0.9933830475607017,0.9938344116583973
14.24,-0.9941578053736886,0.9940434404178762,0.4264020500151475,0.9918732160897312,-0.9900926215671461,-0.9925967989155825,-0.496691523780351,0.9938344116583973
36.35,0.5523098918742717,-0.6626956269452507,-0.142134016671716,-0.7714569458475686,0.9900926215671462,-0.9925967989155825,0.24834576189017543,0.1987668823316795
14.28,-0.6075408810616988,0.497021720208938,-0.42640205001514775,0.9918732160897312,-0.9900926215671461,-0.9925967989155825,-0.496691523780351,-0.5963006469950383
26.13,0.9941578053736886,-0.9940434404178762,-0.42640205001514775,-0.9918732160897312,0.9900926215671462,0.33086559963852746,-0.496691523780351,-0.1987668823316795
24.77,0.11046197837485416,-0.33134781347262543,-0.142134016671716,-0.3306244053632438,0.9900926215671462,-0.3308655996385276,-0.496691523780351,0.9938344116583973
13.65,-0.7732338486239798,0.6626956269452509,-0.142134016671716,0.9918732160897312,-0.9900926215671461,0.9925967989155824,-0.496691523780351,-0.5963006469950383
36.85,-0.22092395674970844,0.0,0.994938116702011,-0.7714569458475686,0.9900926215671462,-0.9925967989155825,0.24834576189017543,-0.5963006469950383
36.26,0.33138593512456294,-0.4970217202089381,-0.42640205001514775,-0.3306244053632438,0.9900926215671462,0.33086559963852746,0.9933830475607017,0.9938344116583973
16.0,-0.9941578053736886,0.9940434404178762,0.4264020500151475,0.9918732160897312,-0.9900926215671461,0.9925967989155824,0.9933830475607017,0.1987668823316795
29.87,0.5523098918742717,-0.6626956269452507,-0.142134016671716,-0.7714569458475686,0.9900926215671462,-0.3308655996385276,-0.496691523780351,-0.5963006469950383
13.39,-0.3313859351245628,0.16567390673631266,-0.9949381167020114,0.9918732160897312,-0.9900926215671461,-0.9925967989155825,-0.496691523780351,-0.1987668823316795
20.29,-0.8836958269988342,0.8283695336815635,0.14213401667171577,0.9918732160897312,-0.9900926215671461,0.9925967989155824,0.24834576189017543,0.9938344116583973
21.54,-0.8836958269988342,0.8283695336815635,0.14213401667171577,0.9918732160897312,-0.9900926215671461,0.33086559963852746,0.9933830475607017,0.1987668823316795
37.51,-0.22092395674970844,0.0,0.994938116702011,-0.7714569458475686,0.9900926215671462,0.9925967989155824,0.24834576189017543,0.5963006469950383
16.56,-0.9941578053736886,0.9940434404178762,0.4264020500151475,0.9918732160897312,-0.9900926215671461,0.33086559963852746,0.9933830475607017,0.1987668823316795
15.53,-0.7732338486239798,0.6626956269452509,-0.142134016671716,0.9918732160897312,-0.9900926215671461,-0.9925967989155825,0.24834576189017543,0.1987668823316795
21.68,-0.8836958269988342,0.8283695336815635,0.14213401667171577,0.9918732160897312,-0.9900926215671461,-0.9925967989155825,0.9933830475607017,0.5963006469950383
16.57,-0.3313859351245628,0.16567390673631266,-0.9949381167020114,0.9918732160897312,-0.9900926215671461,0.33086559963852746,0.9933830475607017,0.1987668823316795
29.79,-0.22092395674970844,0.0,0.994938116702011,-0.7714569458475686,0.9900926215671462,0.33086559963852746,-0.9933830475607017,-0.9938344116583971
37.28,-0.22092395674970844,0.0,0.994938116702011,-0.7714569458475686,0.9900926215671462,0.33086559963852746,0.24834576189017543,0.1987668823316795
17.51,-0.4970789026868444,0.3313478134726253,-0.7106700833585795,0.9918732160897312,-0.9900926215671461,0.9925967989155824,0.9933830475607017,-0.1987668823316795
29.61,0.9941578053736886,-0.9940434404178762,-0.42640205001514775,-0.9918732160897312,0.9900926215671462,-0.9925967989155825,0.24834576189017543,0.5963006469950383
33.84,0.11046197837485416,-0.33134781347262543,-0.142134016671716,-0.3306244053632438,0.9900926215671462,0.33086559963852746,0.9933830475607017,0.9938344116583973
32.95,0.9941578053736886,-0.9940434404178762,-0.42640205001514775,-0.9918732160897312,0.9900926215671462,-0.9925967989155825,0.9933830475607017,0.5963006469950383
19.48,-0.8836958269988342,0.8283695336815635,0.14213401667171577,0.9918732160897312,-0.9900926215671461,0.9925967989155824,-0.496691523780351,0.5963006469950383
28.61,0.11046197837485416,-0.33134781347262543,-0.142134016671716,-0.3306244053632438,0.9900926215671462,-0.3308655996385276,-0.496691523780351,0.5963006469950383
24.91,0.11046197837485416,-0.33134781347262543,-0.142134016671716,-0.3306244053632438,0.9900926215671462,-0.3308655996385276,-0.496691523780351,-0.5963006469950383
19.25,-0.8836958269988342,0.8283695336815635,0.14213401667171577,0.9918732160897312,-0.9900926215671461,-0.3308655996385276,-0.496691523780351,0.5963006469950383
30.91,0.33138593512456294,-0.4970217202089381,-0.42640205001514775,-0.3306244053632438,0.9900926215671462,-0.9925967989155825,-0.496691523780351,-0.1987668823316795
24.61,0.11046197837485416,-0.33134781347262543,-0.142134016671716,-0.3306244053632438,0.9900926215671462,-0.9925967989155825,-0.496691523780351,0.5963006469950383
44.16,-0.05523098918742686,-0.16567390673631266,0.14213401667171577,-0.3306244053632438,0.9900926215671462,0.33086559963852746,0.24834576189017543,0.5963006469950383
31.06,0.33138593512456294,-0.4970217202089381,-0.42640205001514775,-0.3306244053632438,0.9900926215671462,0.33086559963852746,-0.496691523780351,0.5963006469950383
15.87,-0.6075408810616988,0.497021720208938,-0.42640205001514775,0.9918732160897312,-0.9900926215671461,-0.3308655996385276,0.9933830475607017,0.9938344116583973
33.04,0.9941578053736886,-0.9940434404178762,-0.42640205001514775,-0.9918732160897312,0.9900926215671462,0.9925967989155824,0.9933830475607017,-0.5963006469950383
26.96,0.11046197837485416,-0.33134781347262543,-0.142134016671716,-0.3306244053632438,0.9900926215671462,-0.3308655996385276,0.24834576189017543,-0.1987668823316795
15.81,-0.4970789026868444,0.3313478134726253,-0.7106700833585795,0.9918732160897312,-0.9900926215671461,0.9925967989155824,0.24834576189017543,-0.5963006469950383
33.01,0.5523098918742717,-0.6626956269452507,-0.142134016671716,-0.7714569458475686,0.9900926215671462,0.9925967989155824,-0.496691523780351,0.9938344116583973
13.79,-0.3313859351245628,0.16567390673631266,-0.9949381167020114,0.9918732160897312,-0.9900926215671461,0.9925967989155824,-0.496691523780351,-0.1987668823316795
14.97,-0.6075408810616988,0.497021720208938,-0.42640205001514775,0.9918732160897312,-0.9900926215671461,-0.3308655996385276,0.24834576189017543,0.9938344116583973
13.51,-0.6075408810616988,0.497021720208938,-0.42640205001514775,0.9918732160897312,-0.9900926215671461,0.9925967989155824,-0.496691523780351,-0.1987668823316795
13.83,-0.7732338486239798,0.6626956269452509,-0.142134016671716,0.9918732160897312,-0.9900926215671461,0.9925967989155824,-0.496691523780351,0.1987668823316795
16.03,-0.7732338486239798,0.6626956269452509,-0.142134016671716,0.9918732160897312,-0.9900926215671461,-0.3308655996385276,0.24834576189017543,0.9938344116583973
35.48,0.33138593512456294,-0.4970217202089381,-0.42640205001514775,-0.3306244053632438,0.9900926215671462,-0.9925967989155825,0.9933830475607017,-0.1987668823316795
29.79,0.9941578053736886,-0.9940434404178762,-0.42640205001514775,-0.9918732160897312,0.9900926215671462,-0.3308655996385276,0.24834576189017543,-0.5963006469950383
17.23,-0.6075408810616988,0.497021720208938,-0.42640205001514775,0.9918732160897312,-0.9900926215671461,0.33086559963852746,0.9933830475607017,-0.1987668823316795
30.65,0.11046197837485416,-0.33134781347262543,-0.142134016671716,-0.3306244053632438,0.9900926215671462,-0.3308655996385276,0.9933830475607017,0.1987668823316795
29.4,-0.22092395674970844,0.0,0.994938116702011,-0.7714569458475686,0.9900926215671462,0.9925967989155824,-0.9933830475607017,-0.9938344116583971
28.88,0.11046197837485416,-0.33134781347262543,-0.142134016671716,-0.3306244053632438,0.9900926215671462,0.33086559963852746,-0.496691523780351,0.9938344116583973
26.02,0.9941578053736886,-0.9940434404178762,-0.42640205001514775,-0.9918732160897312,0.9900926215671462,-0.3308655996385276,-0.496691523780351,0.1987668823316795
13.87,-0.4970789026868444,0.3313478134726253,-0.7106700833585795,0.9918732160897312,-0.9900926215671461,0.33086559963852746,-0.496691523780351,-0.5963006469950383
20.82,-0.8836958269988342,0.8283695336815635,0.14213401667171577,0.9918732160897312,-0.9900926215671461,-0.9925967989155825,0.9933830475607017,0.9938344116583973
17.25,-0.3313859351245628,0.16567390673631266,-0.9949381167020114,0.9918732160897312,-0.9900926215671461,-0.3308655996385276,0.9933830475607017,-0.5963006469950383
15.64,-0.9941578053736886,0.9940434404178762,0.4264020500151475,0.9918732160897312,-0.9900926215671461,-0.3308655996385276,0.24834576189017543,-0.1987668823316795
25.95,0.9941578053736886,-0.9940434404178762,-0.42640205001514775,-0.9918732160897312,0.9900926215671462,-0.9925967989155825,-0.496691523780351,-0.1987668823316795
30.34,0.11046197837485416,-0.33134781347262543,-0.142134016671716,-0.3306244053632438,0.9900926215671462,-0.9925967989155825,0.9933830475607017,-0.1987668823316795
37.54,-0.05523098918742686,-0.16567390673631266,0.14213401667171577,-0.3306244053632438,0.9900926215671462,-0.9925967989155825,0.24834576189017543,0.9938344116583973
15.07,-0.9941578053736886,0.9940434404178762,0.4264020500151475,0.9918732160897312,-0.9900926215671461,0.33086559963852746,0.24834576189017543,0.5963006469950383
46.94,-0.05523098918742686,-0.16567390673631266,0.14213401667171577,-0.3306244053632438,0.9900926215671462,0.9925967989155824,0.9933830475607017,-0.5963006469950383
36.87,-0.05523098918742686,-0.16567390673631266,0.14213401667171577,-0.3306244053632438,0.9900926215671462,0.9925967989155824,0.24834576189017543,0.1987668823316795
25.9,0.33138593512456294,-0.4970217202089381,-0.42640205001514775,-0.3306244053632438,0.9900926215671462,0.33086559963852746,-0.496691523780351,0.1987668823316795
16.27,-0.7732338486239798,0.6626956269452509,-0.142134016671716,0.9918732160897312,-0.9900926215671461,-0.3308655996385276,0.24834576189017543,-0.5963006469950383
34.11,-0.22092395674970844,0.0,0.994938116702011,-0.7714569458475686,0.9900926215671462,-0.3308655996385276,-0.496691523780351,0.1987668823316795
34.99,-0.05523098918742686,-0.16567390673631266,0.14213401667171577,-0.3306244053632438,0.9900926215671462,-0.9925967989155825,-0.496691523780351,0.9938344116583973
27.33,0.33138593512456294,-0.4970217202089381,-0.42640205001514775,-0.3306244053632438,0.9900926215671462,-0.3308655996385276,-0.496691523780351,0.9938344116583973
36.26,-0.05523098918742686,-0.16567390673631266,0.14213401667171577,-0.3306244053632438,0.9900926215671462,-0.9925967989155825,0.24834576189017543,0.5963006469950383
15.59,-0.7732338486239798,0.6626956269452509,-0.142134016671716,0.9918732160897312,-0.9900926215671461,-0.3308655996385276,0.24834576189017543,0.5963006469950383
25.82,0.33138593512456294,-0.4970217202089381,-0.42640205001514775,-0.3306244053632438,0.9900926215671462,-0.9925967989155825,-0.496691523780351,0.9938344116583973
14.71,-0.4970789026868444,0.3313478134726253,-0.7106700833585795,0.9918732160897312,-0.9900926215671461,-0.3308655996385276,0.24834576189017543,0.9938344116583973
19.24,-0.8836958269988342,0.8283695336815635,0.14213401667171577,0.9918732160897312,-0.9900926215671461,-0.9925967989155825,-0.496691523780351,0.5963006469950383
17.2,-0.9941578053736886,0.9940434404178762,0.4264020500151475,0.9918732160897312,-0.9900926215671461,0.9925967989155824,0.9933830475607017,-0.5963006469950383
33.52,0.33138593512456294,-0.4970217202089381,-0.42640205001514775,-0.3306244053632438,0.9900926215671462,-0.9925967989155825,0.24834576189017543,0.1987668823316795
34.5,-0.22092395674970844,0.0,0.994938116702011,-0.7714569458475686,0.9900926215671462,0.9925967989155824,-0.496691523780351,0.1987668823316795
33.37,0.9941578053736886,-0.9940434404178762,-0.42640205001514775,-0.9918732160897312,0.9900926215671462,-0.9925967989155825,0.9933830475607017,-0.5963006469950383
31.6,0.33138593512456294,-0.4970217202089381,-0.42640205001514775,-0.3306244053632438,0.9900926215671462,0.9925967989155824,0.9933830475607017,0.1987668823316795
16.88,-0.9941578053736886,0.9940434404178762,0.4264020500151475,0.9918732160897312,-0.9900926215671461,-0.9925967989155825,0.9933830475607017,0.9938344116583973
28.28,0.5523098918742717,-0.6626956269452507,-0.142134016671716,-0.7714569458475686,0.9900926215671462,-0.9925967989155825,-0.9933830475607017,-0.9938344116583971
15.8,-0.7732338486239798,0.6626956269452509,-0.142134016671716,0.9918732160897312,-0.9900926215671461,0.33086559963852746,0.24834576189017543,0.9938344116583973
27.38,0.11046197837485416,-0.33134781347262543,-0.142134016671716,-0.3306244053632438,0.9900926215671462,-0.9925967989155825,-0.496691523780351,-0.1987668823316795
32.71,0.5523098918742717,-0.6626956269452507,-0.142134016671716,-0.7714569458475686,0.9900926215671462,0.33086559963852746,0.24834576189017543,-0.5963006469950383
12.23,-0.7732338486239798,0.6626956269452509,-0.142134016671716,0.9918732160897312,-0.9900926215671461,-0.3308655996385276,-0.9933830475607017,-0.9938344116583971
36.12,0.5523098918742717,-0.6626956269452507,-0.142134016671716,-0.7714569458475686,0.9900926215671462,-0.9925967989155825,0.24834576189017543,-0.5963006469950383
18.15,-0.7732338486239798,0.6626956269452509,-0.142134016671716,0.9918732160897312,-0.9900926215671461,0.9925967989155824,0.9933830475607017,-0.1987668823316795
21.53,-0.8836958269988342,0.8283695336815635,0.14213401667171577,0.9918732160897312,-0.9900926215671461,0.9925967989155824,0.9933830475607017,0.1987668823316795
23.49,0.33138593512456294,-0.4970217202089381,-0.42640205001514775,-0.3306244053632438,0.9900926215671462,0.33086559963852746,-0.9933830475607017,-0.9938344116583971
45.97,-0.05523098918742686,-0.16567390673631266,0.14213401667171577,-0.3306244053632438,0.9900926215671462,0.9925967989155824,0.24834576189017543,-0.1987668823316795
39.66,-0.22092395674970844,0.0,0.994938116702011,-0.7714569458475686,0.9900926215671462,0.33086559963852746,0.9933830475607017,0.1987668823316795
32.04,0.33138593512456294,-0.4970217202089381,-0.42640205001514775,-0.3306244053632438,0.9900926215671462,0.33086559963852746,-0.496691523780351,0.9938344116583973
13.9,-0.7732338486239798,0.6626956269452509,-0.142134016671716,0.9918732160897312,-0.9900926215671461,-0.9925967989155825,-0.496691523780351,-0.5963006469950383
21.54,-0.8836958269988342,0.8283695336815635,0.14213401667171577,0.9918732160897312,-0.9900926215671461,-0.3308655996385276,0.9933830475607017,0.5963006469950383
14.14,-0.9941578053736886,0.9940434404178762,0.4264020500151475,0.9918732160897312,-0.9900926215671461,0.33086559963852746,-0.496691523780351,0.1987668823316795
47.59,-0.05523098918742686,-0.16567390673631266,0.14213401667171577,-0.3306244053632438,0.9900926215671462,-0.3308655996385276,0.9933830475607017,0.5963006469950383
29.34,0.5523098918742717,-0.6626956269452507,-0.142134016671716,-0.7714569458475686,0.9900926215671462,-0.9925967989155825,-0.496691523780351,0.5963006469950383
19.76,-0.8836958269988342,0.8283695336815635,0.14213401667171577,0.9918732160897312,-0.9900926215671461,-0.3308655996385276,0.24834576189017543,0.5963006469950383
15.4,-0.4970789026868444,0.3313478134726253,-0.7106700833585795,0.9918732160897312,-0.9900926215671461,-0.3308655996385276,0.24834576189017543,-0.1987668823316795
17.74,-0.4970789026868444,0.3313478134726253,-0.7106700833585795,0.9918732160897312,-0.9900926215671461,0.9925967989155824,0.9933830475607017,0.5963006469950383
13.97,-0.9941578053736886,0.9940434404178762,0.4264020500151475,0.9918732160897312,-0.9900926215671461,-0.3308655996385276,-0.496691523780351,0.9938344116583973
28.02,0.33138593512456294,-0.4970217202089381,-0.42640205001514775,-0.3306244053632438,0.9900926215671462,-0.9925967989155825,0.24834576189017543,0.9938344116583973
26.3,0.11046197837485416,-0.33134781347262543,-0.142134016671716,-0.3306244053632438,0.9900926215671462,-0.9925967989155825,0.24834576189017543,0.5963006469950383
18.1,-0.7732338486239798,0.6626956269452509,-0.142134016671716,0.9918732160897312,-0.9900926215671461,0.33086559963852746,0.9933830475607017,0.1987668823316795
22.07,-0.8836958269988342,0.8283695336815635,0.14213401667171577,0.9918732160897312,-0.9900926215671461,-0.3308655996385276,0.9933830475607017,-0.1987668823316795
17.2,-0.9941578053736886,0.9940434404178762,0.4264020500151475,0.9918732160897312,-0.9900926215671461,-0.9925967989155825,0.9933830475607017,-0.5963006469950383
34.7,0.33138593512456294,-0.4970217202089381,-0.42640205001514775,-0.3306244053632438,0.9900926215671462,-0.3308655996385276,0.9933830475607017,0.1987668823316795
43.12,-0.05523098918742686,-0.16567390673631266,0.14213401667171577,-0.3306244053632438,0.9900926215671462,-0.9925967989155825,-0.496691523780351,0.1987668823316795
15.73,-0.6075408810616988,0.497021720208938,-0.42640205001514775,0.9918732160897312,-0.9900926215671461,-0.3308655996385276,0.24834576189017543,0.5963006469950383
33.94,0.9941578053736886,-0.9940434404178762,-0.42640205001514775,-0.9918732160897312,0.9900926215671462,0.33086559963852746,0.9933830475607017,-0.1987668823316795
14.47,-0.9941578053736886,0.9940434404178762,0.4264020500151475,0.9918732160897312,-0.9900926215671461,0.9925967989155824,-0.496691523780351,0.5963006469950383
39.48,-0.22092395674970844,0.0,0.994938116702011,-0.7714569458475686,0.9900926215671462,-0.9925967989155825,0.9933830475607017,-0.1987668823316795
28.61,0.33138593512456294,-0.4970217202089381,-0.42640205001514775,-0.3306244053632438,0.9900926215671462,-0.3308655996385276,0.24834576189017543,-0.5963006469950383
15.33,-0.4970789026868444,0.3313478134726253,-0.7106700833585795,0.9918732160897312,-0.9900926215671461,0.33086559963852746,0.9933830475607017,0.9938344116583973
26.41,0.11046197837485416,-0.33134781347262543,-0.142134016671716,-0.3306244053632438,0.9900926215671462,0.9925967989155824,0.24834576189017543,0.1987668823316795
17.55,-0.7732338486239798,0.6626956269452509,-0.142134016671716,0.9918732160897312,-0.9900926215671461,0.33086559963852746,0.9933830475607017,0.9938344116583973
14.49,-0.6075408810616988,0.497021720208938,-0.42640205001514775,0.9918732160897312,-0.9900926215671461,-0.3308655996385276,-0.496691523780351,0.5963006469950383
11.67,-0.4970789026868444,0.3313478134726253,-0.7106700833585795,0.9918732160897312,-0.9900926215671461,0.9925967989155824,-0.9933830475607017,-0.9938344116583971
32.83,0.5523098918742717,-0.6626956269452507,-0.142134016671716,-0.7714569458475686,0.9900926215671462,0.33086559963852746,-0.496691523780351,0.5963006469950383
48.03,-0.05523098918742686,-0.16567390673631266,0.14213401667171577,-0.3306244053632438,0.9900926215671462,0.9925967989155824,0.9933830475607017,-0.1987668823316795
37.7,-0.05523098918742686,-0.16567390673631266,0.14213401667171577,-0.3306244053632438,0.9900926215671462,-0.3308655996385276,0.9933830475607017,0.9938344116583973
17.11,-0.9941578053736886,0.9940434404178762,0.4264020500151475,0.9918732160897312,-0.9900926215671461,-0.3308655996385276,0.9933830475607017,0.9938344116583973
35.22,0.33138593512456294,-0.4970217202089381,-0.42640205001514775,-0.3306244053632438,0.9900926215671462,-0.9925967989155825,0.9933830475607017,0.1987668823316795
17.64,-0.7732338486239798,0.6626956269452509,-0.142134016671716,0.9918732160897312,-0.9900926215671461,-0.9925967989155825,0.9933830475607017,0.9938344116583973
27.84,0.11046197837485416,-0.33134781347262543,-0.142134016671716,-0.3306244053632438,0.9900926215671462,-0.3308655996385276,0.24834576189017543,-0.5963006469950383
36.76,-0.22092395674970844,0.0,0.994938116702011,-0.7714569458475686,0.9900926215671462,-0.3308655996385276,0.24834576189017543,0.5963006469950383
27.03,0.33138593512456294,-0.4970217202089381,-0.42640205001514775,-0.3306244053632438,0.9900926215671462,0.33086559963852746,-0.496691523780351,-0.5963006469950383
14.67,-0.7732338486239798,0.6626956269452509,-0.142134016671716,0.9918732160897312,-0.9900926215671461,-0.3308655996385276,-0.496691523780351,0.5963006469950383
14.61,-0.6075408810616988,0.497021720208938,-0.42640205001514775,0.9918732160897312,-0.9900926215671461,-0.3308655996385276,-0.496691523780351,-0.5963006469950383
34.01,0.9941578053736886,-0.9940434404178762,-0.42640205001514775,-0.9918732160897312,0.9900926215671462,0.9925967989155824,0.9933830475607017,0.9938344116583973
34.73,0.33138593512456294,-0.4970217202089381,-0.42640205001514775,-0.3306244053632438,0.9900926215671462,0.9925967989155824,0.24834576189017543,-0.5963006469950383
16.08,-0.3313859351245628,0.16567390673631266,-0.9949381167020114,0.9918732160897312,-0.9900926215671461,-0.9925967989155825,0.9933830475607017,0.1987668823316795
28.43,0.11046197837485416,-0.33134781347262543,-0.142134016671716,-0.3306244053632438,0.9900926215671462,0.9925967989155824,0.9933830475607017,0.5963006469950383
36.1,0.5523098918742717,-0.6626956269452507,-0.142134016671716,-0.7714569458475686,0.9900926215671462,0.9925967989155824,0.9933830475607017,0.5963006469950383
34.29,-0.05523098918742686,-0.16567390673631266,0.14213401667171577,-0.3306244053632438,0.9900926215671462,0.9925967989155824,-0.496691523780351,0.1987668823316795
33.94,0.5523098918742717,-0.6626956269452507,-0.142134016671716,-0.7714569458475686,0.9900926215671462,-0.9925967989155825,0.9933830475607017,0.9938344116583973
20.71,-0.8836958269988342,0.8283695336815635,0.14213401667171577,0.9918732160897312,-0.9900926215671461,0.33086559963852746,0.9933830475607017,0.9938344116583973
14.48,-0.3313859351245628,0.16567390673631266,-0.9949381167020114,0.9918732160897312,-0.9900926215671461,-0.9925967989155825,0.24834576189017543,0.9938344116583973
37.12,0.5523098918742717,-0.6626956269452507,-0.142134016671716,-0.7714569458475686,0.9900926215671462,-0.3308655996385276,0.24834576189017543,0.5963006469950383
33.95,0.9941578053736886,-0.9940434404178762,-0.42640205001514775,-0.9918732160897312,0.9900926215671462,0.33086559963852746,0.9933830475607017,0.5963006469950383
14.24,-0.9941578053736886,0.9940434404178762,0.4264020500151475,0.9918732160897312,-0.9900926215671461,0.9925967989155824,-0.496691523780351,-0.1987668823316795
33.93,0.33138593512456294,-0.4970217202089381,-0.42640205001514775,-0.3306244053632438,0.9900926215671462,0.33086559963852746,0.24834576189017543,0.5963006469950383
14.75,-0.7732338486239798,0.6626956269452509,-0.142134016671716,0.9918732160897312,-0.9900926215671461,-0.3308655996385276,-0.496691523780351,-0.1987668823316795
16.13,-0.6075408810616988,0.497021720208938,-0.42640205001514775,0.9918732160897312,-0.9900926215671461,0.9925967989155824,0.24834576189017543,0.5963006469950383
45.13,-0.05523098918742686,-0.16567390673631266,0.14213401667171577,-0.3306244053632438,0.9900926215671462,-0.9925967989155825,0.24834576189017543,0.1987668823316795
18.22,-0.7732338486239798,0.6626956269452509,-0.142134016671716,0.9918732160897312,-0.9900926215671461,0.9925967989155824,0.9933830475607017,0.1987668823316795
19.32,-0.8836958269988342,0.8283695336815635,0.14213401667171577,0.9918732160897312,-0.9900926215671461,0.9925967989155824,-0.496691523780351,-0.5963006469950383
13.67,-0.4970789026868444,0.3313478134726253,-0.7106700833585795,0.9918732160897312,-0.9900926215671461,-0.9925967989155825,-0.496691523780351,-0.1987668823316795
14.14,-0.4970789026868444,0.3313478134726253,-0.7106700833585795,0.9918732160897312,-0.9900926215671461,-0.9925967989155825,-0.496691523780351,0.1987668823316795
43.66,-0.05523098918742686,-0.16567390673631266,0.14213401667171577,-0.3306244053632438,0.9900926215671462,-0.3308655996385276,0.24834576189017543,0.1987668823316795
39.41,-0.05523098918742686,-0.16567390673631266,0.14213401667171577,-0.3306244053632438,0.9900926215671462,-0.3308655996385276,0.9933830475607017,-0.1987668823316795
29.69,0.9941578053736886,-0.9940434404178762,-0.42640205001514775,-0.9918732160897312,0.9900926215671462,-0.3308655996385276,0.24834576189017543,-0.1987668823316795
32.25,0.5523098918742717,-0.6626956269452507,-0.142134016671716,-0.7714569458475686,0.9900926215671462,-0.9925967989155825,0.24834576189017543,0.9938344116583973
38.56,-0.05523098918742686,-0.16567390673631266,0.14213401667171577,-0.3306244053632438,0.9900926215671462,-0.9925967989155825,0.9933830475607017,0.9938344116583973
34.11,-0.22092395674970844,0.0,0.994938116702011,-0.7714569458475686,0.9900926215671462,-0.9925967989155825,-0.496691523780351,0.5963006469950383
14.46,-0.6075408810616988,0.497021720208938,-0.42640205001514775,0.9918732160897312,-0.9900926215671461,0.33086559963852746,-0.496691523780351,0.9938344116583973
45.28,-0.05523098918742686,-0.16567390673631266,0.14213401667171577,-0.3306244053632438,0.9900926215671462,0.33086559963852746,0.24834576189017543,0.9938344116583973
16.79,-0.9941578053736886,0.9940434404178762,0.4264020500151475,0.9918732160897312,-0.9900926215671461,0.9925967989155824,0.9933830475607017,0.5963006469950383
15.14,-0.6075408810616988,0.497021720208938,-0.42640205001514775,0.9918732160897312,-0.9900926215671461,-0.9925967989155825,0.24834576189017543,0.9938344116583973
16.79,-0.9941578053736886,0.9940434404178762,0.4264020500151475,0.9918732160897312,-0.9900926215671461,-0.3308655996385276,0.9933830475607017,0.5963006469950383
38.79,0.5523098918742717,-0.6626956269452507,-0.142134016671716,-0.7714569458475686,0.9900926215671462,0.33086559963852746,0.9933830475607017,0.9938344116583973
10.9,-0.3313859351245628,0.16567390673631266,-0.9949381167020114,0.9918732160897312,-0.9900926215671461,-0.9925967989155825,-0.9933830475607017,-0.9938344116583971
35.04,0.5523098918742717,-0.6626956269452507,-0.142134016671716,-0.7714569458475686,0.9900926215671462,-0.3308655996385276,0.9933830475607017,0.1987668823316795
18.03,-0.7732338486239798,0.6626956269452509,-0.142134016671716,0.9918732160897312,-0.9900926215671461,-0.3308655996385276,0.9933830475607017,-0.5963006469950383
35.71,0.33138593512456294,-0.4970217202089381,-0.42640205001514775,-0.3306244053632438,0.9900926215671462,0.9925967989155824,0.9933830475607017,0.9938344116583973
37.2,-0.22092395674970844,0.0,0.994938116702011,-0.7714569458475686,0.9900926215671462,-0.9925967989155825,0.24834576189017543,0.5963006469950383
15.42,-0.4970789026868444,0.3313478134726253,-0.7106700833585795,0.9918732160897312,-0.9900926215671461,-0.9925967989155825,0.24834576189017543,-0.5963006469950383
24.8,0.11046197837485416,-0.33134781347262543,-0.142134016671716,-0.3306244053632438,0.9900926215671462,0.33086559963852746,-0.496691523780351,-0.1987668823316795
19.34,-0.8836958269988342,0.8283695336815635,0.14213401667171577,0.9918732160897312,-0.9900926215671461,-0.3308655996385276,-0.496691523780351,-0.1987668823316795
39.28,0.5523098918742717,-0.6626956269452507,-0.142134016671716,-0.7714569458475686,0.9900926215671462,-0.9925967989155825,0.9933830475607017,-0.5963006469950383
17.1,-0.9941578053736886,0.9940434404178762,0.4264020500151475,0.9918732160897312,-0.9900926215671461,-0.9925967989155825,0.9933830475607017,0.5963006469950383
34.52,0.33138593512456294,-0.4970217202089381,-0.42640205001514775,-0.3306244053632438,0.9900926215671462,0.9925967989155824,0.24834576189017543,-0.1987668823316795
38.35,0.5523098918742717,-0.6626956269452507,-0.142134016671716,-0.7714569458475686,0.9900926215671462,-0.9925967989155825,0.9933830475607017,-0.1987668823316795
20.21,-0.8836958269988342,0.8283695336815635,0.14213401667171577,0.9918732160897312,-0.9900926215671461,-0.3308655996385276,0.9933830475607017,0.9938344116583973
14.27,-0.4970789026868444,0.3313478134726253,-0.7106700833585795,0.9918732160897312,-0.9900926215671461,0.9925967989155824,-0.496691523780351,-0.5963006469950383
14.55,-0.6075408810616988,0.497021720208938,-0.42640205001514775,0.9918732160897312,-0.9900926215671461,-0.9925967989155825,-0.496691523780351,0.9938344116583973
29.62,0.9941578053736886,-0.9940434404178762,-0.42640205001514775,-0.9918732160897312,0.9900926215671462,-0.9925967989155825,0.24834576189017543,-0.1987668823316795
16.63,-0.6075408810616988,0.497021720208938,-0.42640205001514775,0.9918732160897312,-0.9900926215671461,-0.9925967989155825,0.9933830475607017,0.9938344116583973
27.57,0.11046197837485416,-0.33134781347262543,-0.142134016671716,-0.3306244053632438,0.9900926215671462,0.33086559963852746,-0.496691523780351,0.5963006469950383
15.31,-0.4970789026868444,0.3313478134726253,-0.7106700833585795,0.9918732160897312,-0.9900926215671461,0.9925967989155824,0.9933830475607017,0.9938344116583973
31.39,0.11046197837485416,-0.33134781347262543,-0.142134016671716,-0.3306244053632438,0.9900926215671462,0.9925967989155824,0.24834576189017543,-0.5963006469950383
29.58,0.5523098918742717,-0.6626956269452507,-0.142134016671716,-0.7714569458475686,0.9900926215671462,0.33086559963852746,-0.496691523780351,-0.5963006469950383
14.57,-0.9941578053736886,0.9940434404178762,0.4264020500151475,0.9918732160897312,-0.9900926215671461,-0.3308655996385276,-0.496691523780351,-0.1987668823316795
25.88,0.9941578053736886,-0.9940434404178762,-0.42640205001514775,-0.9918732160897312,0.9900926215671462,0.33086559963852746,-0.496691523780351,0.9938344116583973
36.81,-0.22092395674970844,0.0,0.994938116702011,-0.7714569458475686,0.9900926215671462,0.9925967989155824,0.24834576189017543,-0.1987668823316795
14.87,-0.7732338486239798,0.6626956269452509,-0.142134016671716,0.9918732160897312,-0.9900926215671461,0.9925967989155824,-0.496691523780351,0.9938344116583973
32.96,0.9941578053736886,-0.9940434404178762,-0.42640205001514775,-0.9918732160897312,0.9900926215671462,-0.9925967989155825,0.9933830475607017,-0.1987668823316795
13.54,-0.6075408810616988,0.497021720208938,-0.42640205001514775,0.9918732160897312,-0.9900926215671461,-0.3308655996385276,-0.496691523780351,-0.1987668823316795
36.85,-0.05523098918742686,-0.16567390673631266,0.14213401667171577,-0.3306244053632438,0.9900926215671462,0.33086559963852746,0.24834576189017543,-0.5963006469950383
20.28,-0.8836958269988342,0.8283695336815635,0.14213401667171577,0.9918732160897312,-0.9900926215671461,0.9925967989155824,0.24834576189017543,0.1987668823316795
27.25,0.11046197837485416,-0.33134781347262543,-0.142134016671716,-0.3306244053632438,0.9900926215671462,0.33086559963852746,0.24834576189017543,-0.5963006469950383
27.76,0.11046197837485416,-0.33134781347262543,-0.142134016671716,-0.3306244053632438,0.9900926215671462,-0.3308655996385276,0.24834576189017543,0.1987668823316795
34.25,-0.05523098918742686,-0.16567390673631266,0.14213401667171577,-0.3306244053632438,0.9900926215671462,-0.9925967989155825,-0.496691523780351,0.5963006469950383
25.64,0.9941578053736886,-0.9940434404178762,-0.42640205001514775,-0.9918732160897312,0.9900926215671462,-0.9925967989155825,-0.496691523780351,0.9938344116583973
13.43,-0.3313859351245628,0.16567390673631266,-0.9949381167020114,0.9918732160897312,-0.9900926215671461,-0.9925967989155825,-0.496691523780351,-0.5963006469950383
13.48,-0.3313859351245628,0.16567390673631266,-0.9949381167020114,0.9918732160897312,-0.9900926215671461,0.33086559963852746,-0.496691523780351,-0.5963006469950383
13.6,-0.3313859351245628,0.16567390673631266,-0.9949381167020114,0.9918732160897312,-0.9900926215671461,-0.9925967989155825,-0.496691523780351,0.1987668823316795
14.73,-0.6075408810616988,0.497021720208938,-0.42640205001514775,0.9918732160897312,-0.9900926215671461,0.9925967989155824,-0.496691523780351,0.5963006469950383
21.93,-0.8836958269988342,0.8283695336815635,0.14213401667171577,0.9918732160897312,-0.9900926215671461,0.9925967989155824,0.9933830475607017,-0.1987668823316795
27.93,0.11046197837485416,-0.33134781347262543,-0.142134016671716,-0.3306244053632438,0.9900926215671462,-0.3308655996385276,0.9933830475607017,-0.1987668823316795
27.36,0.33138593512456294,-0.4970217202089381,-0.42640205001514775,-0.3306244053632438,0.9900926215671462,0.33086559963852746,-0.496691523780351,-0.1987668823316795
26.72,0.11046197837485416,-0.33134781347262543,-0.142134016671716,-0.3306244053632438,0.9900926215671462,0.33086559963852746,0.24834576189017543,-0.1987668823316795
14.91,-0.4970789026868444,0.3313478134726253,-0.7106700833585795,0.9918732160897312,-0.9900926215671461,-0.9925967989155825,0.24834576189017543,-0.1987668823316795
47.01,-0.05523098918742686,-0.16567390673631266,0.14213401667171577,-0.3306244053632438,0.9900926215671462,0.33086559963852746,0.9933830475607017,0.9938344116583973
16.19,-0.7732338486239798,0.6626956269452509,-0.142134016671716,0.9918732160897312,-0.9900926215671461,0.9925967989155824,0.24834576189017543,-0.5963006469950383
15.44,-0.6075408810616988,0.497021720208938,-0.42640205001514775,0.9918732160897312,-0.9900926215671461,0.33086559963852746,0.24834576189017543,0.1987668823316795
24.61,0.11046197837485416,-0.33134781347262543,-0.142134016671716,-0.3306244053632438,0.9900926215671462,0.33086559963852746,-0.496691523780351,-0.5963006469950383
20.13,-0.8836958269988342,0.8283695336815635,0.14213401667171577,0.9918732160897312,-0.9900926215671461,-0.9925967989155825,0.24834576189017543,0.9938344116583973
33.88,0.9941578053736886,-0.9940434404178762,-0.42640205001514775,-0.9918732160897312,0.9900926215671462,0.9925967989155824,0.9933830475607017,0.5963006469950383
28.2,0.11046197837485416,-0.33134781347262543,-0.142134016671716,-0.3306244053632438,0.9900926215671462,-0.9925967989155825,0.9933830475607017,0.5963006469950383
16.62,-0.3313859351245628,0.16567390673631266,-0.9949381167020114,0.9918732160897312,-0.9900926215671461,-0.3308655996385276,0.9933830475607017,0.9938344116583973
22.49,-0.8836958269988342,0.8283695336815635,0.14213401667171577,0.9918732160897312,-0.9900926215671461,0.9925967989155824,0.9933830475607017,0.5963006469950383
33.16,0.5523098918742717,-0.6626956269452507,-0.142134016671716,-0.7714569458475686,0.9900926215671462,0.9925967989155824,0.24834576189017543,0.5963006469950383
35.28,-0.05523098918742686,-0.16567390673631266,0.14213401667171577,-0.3306244053632438,0.9900926215671462,-0.3308655996385276,-0.496691523780351,-0.5963006469950383
17.89,-0.7732338486239798,0.6626956269452509,-0.142134016671716,0.9918732160897312,-0.9900926215671461,-0.3308655996385276,0.9933830475607017,-0.1987668823316795
29.82,0.5523098918742717,-0.6626956269452507,-0.142134016671716,-0.7714569458475686,0.9900926215671462,-0.9925967989155825,-0.496691523780351,0.9938344116583973
15.32,-0.4970789026868444,0.3313478134726253,-0.7106700833585795,0.9918732160897312,-0.9900926215671461,0.9925967989155824,0.24834576189017543,-0.1987668823316795
32.92,0.11046197837485416,-0.33134781347262543,-0.142134016671716,-0.3306244053632438,0.9900926215671462,0.9925967989155824,0.9933830475607017,-0.1987668823316795
25.98,0.9941578053736886,-0.9940434404178762,-0.42640205001514775,-0.9918732160897312,0.9900926215671462,-0.3308655996385276,-0.496691523780351,0.9938344116583973
37.19,0.5523098918742717,-0.6626956269452507,-0.142134016671716,-0.7714569458475686,0.9900926215671462,0.33086559963852746,0.24834576189017543,0.9938344116583973
43.86,-0.05523098918742686,-0.16567390673631266,0.14213401667171577,-0.3306244053632438,0.9900926215671462,-0.9925967989155825,0.24834576189017543,-0.1987668823316795
15.38,-0.9941578053736886,0.9940434404178762,0.4264020500151475,0.9918732160897312,-0.9900926215671461,0.9925967989155824,0.24834576189017543,0.5963006469950383
39.22,0.5523098918742717,-0.6626956269452507,-0.142134016671716,-0.7714569458475686,0.9900926215671462,0.33086559963852746,0.9933830475607017,0.5963006469950383
21.33,0.9941578053736886,-0.9940434404178762,-0.42640205001514775,-0.9918732160897312,0.9900926215671462,-0.3308655996385276,-0.9933830475607017,-0.9938344116583971
31.73,0.33138593512456294,-0.4970217202089381,-0.42640205001514775,-0.3306244053632438,0.9900926215671462,0.9925967989155824,-0.496691523780351,-0.5963006469950383
14.49,-0.3313859351245628,0.16567390673631266,-0.9949381167020114,0.9918732160897312,-0.9900926215671461,-0.9925967989155825,0.24834576189017543,0.1987668823316795
43.8,-0.05523098918742686,-0.16567390673631266,0.14213401667171577,-0.3306244053632438,0.9900926215671462,-0.9925967989155825,0.24834576189017543,-0.5963006469950383
15.77,-0.9941578053736886,0.9940434404178762,0.4264020500151475,0.9918732160897312,-0.9900926215671461,0.33086559963852746,0.24834576189017543,-0.5963006469950383
30.08,0.5523098918742717,-0.6626956269452507,-0.142134016671716,-0.7714569458475686,0.9900926215671462,0.33086559963852746,-0.496691523780351,0.1987668823316795
15.47,-0.4970789026868444,0.3313478134726253,-0.7106700833585795,0.9918732160897312,-0.9900926215671461,-0.3308655996385276,0.9933830475607017,0.1987668823316795
37.28,-0.22092395674970844,0.0,0.994938116702011,-0.7714569458475686,0.9900926215671462,0.33086559963852746,0.24834576189017543,-0.1987668823316795
26.08,0.11046197837485416,-0.33134781347262543,-0.142134016671716,-0.3306244053632438,0.9900926215671462,-0.3308655996385276,0.24834576189017543,0.9938344116583973
36.16,0.5523098918742717,-0.6626956269452507,-0.142134016671716,-0.7714569458475686,0.9900926215671462,0.33086559963852746,0.24834576189017543,0.5963006469950383
31.53,0.33138593512456294,-0.4970217202089381,-0.42640205001514775,-0.3306244053632438,0.9900926215671462,-0.9925967989155825,0.9933830475607017,0.5963006469950383
16.17,-0.7732338486239798,0.6626956269452509,-0.142134016671716,0.9918732160897312,-0.9900926215671461,0.33086559963852746,0.24834576189017543,0.5963006469950383
25.91,0.9941578053736886,-0.9940434404178762,-0.42640205001514775,-0.9918732160897312,0.9900926215671462,-0.9925967989155825,-0.496691523780351,0.5963006469950383
11.27,-0.4970789026868444,0.3313478134726253,-0.7106700833585795,0.9918732160897312,-0.9900926215671461,-0.9925967989155825,-0.9933830475607017,-0.9938344116583971
29.77,0.9941578053736886,-0.9940434404178762,-0.42640205001514775,-0.9918732160897312,0.9900926215671462,-0.3308655996385276,0.24834576189017543,0.9938344116583973
17.85,-0.7732338486239798,0.6626956269452509,-0.142134016671716,0.9918732160897312,-0.9900926215671461,-0.9925967989155825,0.9933830475607017,-0.1987668823316795
16.74,-0.6075408810616988,0.497021720208938,-0.42640205001514775,0.9918732160897312,-0.9900926215671461,0.9925967989155824,0.9933830475607017,0.9938344116583973
13.44,-0.3313859351245628,0.16567390673631266,-0.9949381167020114,0.9918732160897312,-0.9900926215671461,-0.3308655996385276,-0.496691523780351,0.9938344116583973
34.05,-0.22092395674970844,0.0,0.994938116702011,-0.7714569458475686,0.9900926215671462,0.9925967989155824,-0.496691523780351,0.5963006469950383
34.2,0.5523098918742717,-0.6626956269452507,-0.142134016671716,-0.7714569458475686,0.9900926215671462,0.9925967989155824,-0.496691523780351,-0.1987668823316795
19.37,-0.8836958269988342,0.8283695336815635,0.14213401667171577,0.9918732160897312,-0.9900926215671461,0.33086559963852746,-0.496691523780351,0.1987668823316795
37.05,-0.22092395674970844,0.0,0.994938116702011,-0.7714569458475686,0.9900926215671462,0.33086559963852746,0.24834576189017543,0.5963006469950383
30.0,0.9941578053736886,-0.9940434404178762,-0.42640205001514775,-0.9918732160897312,0.9900926215671462,0.33086559963852746,0.24834576189017543,0.9938344116583973
13.32,-0.6075408810616988,0.497021720208938,-0.42640205001514775,0.9918732160897312,-0.9900926215671461,0.33086559963852746,-0.496691523780351,-0.1987668823316795
15.18,-0.3313859351245628,0.16567390673631266,-0.9949381167020114,0.9918732160897312,-0.9900926215671461,0.33086559963852746,0.24834576189017543,-0.1987668823316795
28.76,0.11046197837485416,-0.33134781347262543,-0.142134016671716,-0.3306244053632438,0.9900926215671462,0.33086559963852746,0.24834576189017543,0.5963006469950383
43.33,-0.05523098918742686,-0.16567390673631266,0.14213401667171577,-0.3306244053632438,0.9900926215671462,0.9925967989155824,-0.496691523780351,-0.5963006469950383
14.21,-0.4970789026868444,0.3313478134726253,-0.7106700833585795,0.9918732160897312,-0.9900926215671461,0.9925967989155824,-0.496691523780351,-0.1987668823316795
14.34,-0.9941578053736886,0.9940434404178762,0.4264020500151475,0.9918732160897312,-0.9900926215671461,-0.3308655996385276,-0.496691523780351,0.5963006469950383
13.59,-0.7732338486239798,0.6626956269452509,-0.142134016671716,0.9918732160897312,-0.9900926215671461,0.33086559963852746,-0.496691523780351,0.1987668823316795
28.14,0.11046197837485416,-0.33134781347262543,-0.142134016671716,-0.3306244053632438,0.9900926215671462,0.9925967989155824,0.24834576189017543,0.9938344116583973
38.81,-0.05523098918742686,-0.16567390673631266,0.14213401667171577,-0.3306244053632438,0.9900926215671462,0.33086559963852746,0.9933830475607017,0.1987668823316795
30.12,0.33138593512456294,-0.4970217202089381,-0.42640205001514775,-0.3306244053632438,0.9900926215671462,0.33086559963852746,0.24834576189017543,-0.5963006469950383
33.17,0.5523098918742717,-0.6626956269452507,-0.142134016671716,-0.7714569458475686,0.9900926215671462,-0.3308655996385276,0.24834576189017543,-0.5963006469950383
14.94,-0.4970789026868444,0.3313478134726253,-0.7106700833585795,0.9918732160897312,-0.9900926215671461,0.9925967989155824,0.24834576189017543,0.1987668823316795
14.75,-0.9941578053736886,0.9940434404178762,0.4264020500151475,0.9918732160897312,-0.9900926215671461,0.9925967989155824,0.24834576189017543,0.9938344116583973
22.09,-0.8836958269988342,0.8283695336815635,0.14213401667171577,0.9918732160897312,-0.9900926215671461,0.33086559963852746,0.9933830475607017,-0.1987668823316795
20.48,-0.8836958269988342,0.8283695336815635,0.14213401667171577,0.9918732160897312,-0.9900926215671461,0.33086559963852746,0.24834576189017543,-0.1987668823316795
14.27,-0.6075408810616988,0.497021720208938,-0.42640205001514775,0.9918732160897312,-0.9900926215671461,-0.3308655996385276,-0.496691523780351,0.1987668823316795
26.29,0.9941578053736886,-0.9940434404178762,-0.42640205001514775,-0.9918732160897312,0.9900926215671462,0.9925967989155824,-0.496691523780351,-0.5963006469950383
15.39,-0.3313859351245628,0.16567390673631266,-0.9949381167020114,0.9918732160897312,-0.9900926215671461,-0.3308655996385276,0.9933830475607017,0.1987668823316795
13.57,-0.3313859351245628,0.16567390673631266,-0.9949381167020114,0.9918732160897312,-0.9900926215671461,0.33086559963852746,-0.496691523780351,-0.1987668823316795
15.77,-0.9941578053736886,0.9940434404178762,0.4264020500151475,0.9918732160897312,-0.9900926215671461,-0.9925967989155825,0.24834576189017543,-0.5963006469950383
37.73,-0.05523098918742686,-0.16567390673631266,0.14213401667171577,-0.3306244053632438,0.9900926215671462,-0.9925967989155825,-0.9933830475607017,-0.9938344116583971
17.32,-0.3313859351245628,0.16567390673631266,-0.9949381167020114,0.9918732160897312,-0.9900926215671461,0.9925967989155824,0.9933830475607017,0.5963006469950383
15.59,-0.4970789026868444,0.3313478134726253,-0.7106700833585795,0.9918732160897312,-0.9900926215671461,-0.9925967989155825,0.9933830475607017,0.9938344116583973
39.85,-0.22092395674970844,0.0,0.994938116702011,-0.7714569458475686,0.9900926215671462,0.33086559963852746,0.9933830475607017,0.5963006469950383
19.29,-0.8836958269988342,0.8283695336815635,0.14213401667171577,0.9918732160897312,-0.9900926215671461,0.9925967989155824,-0.496691523780351,0.1987668823316795
29.45,0.33138593512456294,-0.4970217202089381,-0.42640205001514775,-0.3306244053632438,0.9900926215671462,-0.9925967989155825,0.24834576189017543,0.5963006469950383
33.24,0.9941578053736886,-0.9940434404178762,-0.42640205001514775,-0.9918732160897312,0.9900926215671462,-0.3308655996385276,0.9933830475607017,0.1987668823316795
16.39,-0.7732338486239798,0.6626956269452509,-0.142134016671716,0.9918732160897312,-0.9900926215671461,-0.9925967989155825,0.24834576189017543,-0.5963006469950383
17.79,-0.7732338486239798,0.6626956269452509,-0.142134016671716,0.9918732160897312,-0.9900926215671461,-0.3308655996385276,0.9933830475607017,0.9938344116583973
13.65,-0.3313859351245628,0.16567390673631266,-0.9949381167020114,0.9918732160897312,-0.9900926215671461,0.33086559963852746,-0.496691523780351,0.1987668823316795
33.82,0.5523098918742717,-0.6626956269452507,-0.142134016671716,-0.7714569458475686,0.9900926215671462,0.33086559963852746,0.9933830475607017,0.1987668823316795
25.6,0.33138593512456294,-0.4970217202089381,-0.42640205001514775,-0.3306244053632438,0.9900926215671462,-0.3308655996385276,-0.496691523780351,-0.5963006469950383
34.25,-0.22092395674970844,0.0,0.994938116702011,-0.7714569458475686,0.9900926215671462,-0.9925967989155825,-0.496691523780351,0.9938344116583973
30.2,0.9941578053736886,-0.9940434404178762,-0.42640205001514775,-0.9918732160897312,0.9900926215671462,0.9925967989155824,0.24834576189017543,0.9938344116583973
40.77,-0.22092395674970844,0.0,0.994938116702011,-0.7714569458475686,0.9900926215671462,0.9925967989155824,0.9933830475607017,0.5963006469950383
33.89,-0.22092395674970844,0.0,0.994938116702011,-0.7714569458475686,0.9900926215671462,0.33086559963852746,-0.496691523780351,0.5963006469950383
37.79,-0.22092395674970844,0.0,0.994938116702011,-0.7714569458475686,0.9900926215671462,0.33086559963852746,0.9933830475607017,0.9938344116583973
16.1,-0.4970789026868444,0.3313478134726253,-0.7106700833585795,0.9918732160897312,-0.9900926215671461,0.9925967989155824,0.9933830475607017,0.1987668823316795
17.37,-0.4970789026868444,0.3313478134726253,-0.7106700833585795,0.9918732160897312,-0.9900926215671461,-0.3308655996385276,0.9933830475607017,-0.1987668823316795
15.44,-0.3313859351245628,0.16567390673631266,-0.9949381167020114,0.9918732160897312,-0.9900926215671461,0.9925967989155824,0.24834576189017543,-0.1987668823316795
19.43,-0.8836958269988342,0.8283695336815635,0.14213401667171577,0.9918732160897312,-0.9900926215671461,-0.3308655996385276,-0.496691523780351,-0.5963006469950383
14.54,-0.7732338486239798,0.6626956269452509,-0.142134016671716,0.9918732160897312,-0.9900926215671461,-0.9925967989155825,-0.496691523780351,0.9938344116583973
26.18,0.9941578053736886,-0.9940434404178762,-0.42640205001514775,-0.9918732160897312,0.9900926215671462,0.9925967989155824,-0.496691523780351,0.9938344116583973
15.57,-0.4970789026868444,0.3313478134726253,-0.7106700833585795,0.9918732160897312,-0.9900926215671461,0.33086559963852746,0.24834576189017543,0.1987668823316795
16.26,-0.7732338486239798,0.6626956269452509,-0.142134016671716,0.9918732160897312,-0.9900926215671461,0.9925967989155824,0.24834576189017543,0.1987668823316795
17.39,-0.6075408810616988,0.497021720208938,-0.42640205001514775,0.9918732160897312,-0.9900926215671461,0.9925967989155824,0.9933830475607017,0.5963006469950383
39.56,-0.05523098918742686,-0.16567390673631266,0.14213401667171577,-0.3306244053632438,0.9900926215671462,0.9925967989155824,0.9933830475607017,0.5963006469950383
33.23,0.9941578053736886,-0.9940434404178762,-0.42640205001514775,-0.9918732160897312,0.9900926215671462,-0.3308655996385276,0.9933830475607017,0.9938344116583973
30.66,0.33138593512456294,-0.4970217202089381,-0.42640205001514775,-0.3306244053632438,0.9900926215671462,-0.3308655996385276,0.9933830475607017,-0.5963006469950383
19.23,-0.8836958269988342,0.8283695336815635,0.14213401667171577,0.9918732160897312,-0.9900926215671461,-0.9925967989155825,-0.496691523780351,-0.1987668823316795
19.24,-0.8836958269988342,0.8283695336815635,0.14213401667171577,0.9918732160897312,-0.9900926215671461,-0.9925967989155825,-0.496691523780351,0.9938344116583973
26.53,0.11046197837485416,-0.33134781347262543,-0.142134016671716,-0.3306244053632438,0.9900926215671462,-0.9925967989155825,0.24834576189017543,0.9938344116583973
16.35,-0.6075408810616988,0.497021720208938,-0.42640205001514775,0.9918732160897312,-0.9900926215671461,-0.9925967989155825,0.9933830475607017,0.1987668823316795
33.34,0.9941578053736886,-0.9940434404178762,-0.42640205001514775,-0.9918732160897312,0.9900926215671462,-0.3308655996385276,0.9933830475607017,-0.5963006469950383
28.68,0.11046197837485416,-0.33134781347262543,-0.142134016671716,-0.3306244053632438,0.9900926215671462,-0.9925967989155825,-0.496691523780351,0.1987668823316795
40.1,-0.22092395674970844,0.0,0.994938116702011,-0.7714569458475686,0.9900926215671462,0.9925967989155824,0.9933830475607017,0.1987668823316795
38.35,-0.05523098918742686,-0.16567390673631266,0.14213401667171577,-0.3306244053632438,0.9900926215671462,0.33086559963852746,0.9933830475607017,-0.5963006469950383
14.76,-0.3313859351245628,0.16567390673631266,-0.9949381167020114,0.9918732160897312,-0.9900926215671461,0.9925967989155824,0.24834576189017543,0.1987668823316795
38.18,-0.22092395674970844,0.0,0.994938116702011,-0.7714569458475686,0.9900926215671462,0.9925967989155824,0.9933830475607017,0.9938344116583973
16.85,-0.4970789026868444,0.3313478134726253,-0.7106700833585795,0.9918732160897312,-0.9900926215671461,-0.9925967989155825,0.9933830475607017,0.5963006469950383
17.23,-0.4970789026868444,0.3313478134726253,-0.7106700833585795,0.9918732160897312,-0.9900926215671461,0.33086559963852746,0.9933830475607017,0.5963006469950383
25.63,0.33138593512456294,-0.4970217202089381,-0.42640205001514775,-0.3306244053632438,0.9900926215671462,-0.3308655996385276,-0.496691523780351,-0.1987668823316795
15.5,-0.3313859351245628,0.16567390673631266,-0.9949381167020114,0.9918732160897312,-0.9900926215671461,-0.3308655996385276,0.24834576189017543,-0.5963006469950383
36.62,-0.22092395674970844,0.0,0.994938116702011,-0.7714569458475686,0.9900926215671462,0.9925967989155824,0.24834576189017543,-0.5963006469950383
16.99,-0.9941578053736886,0.9940434404178762,0.4264020500151475,0.9918732160897312,-0.9900926215671461,0.9925967989155824,0.9933830475607017,-0.1987668823316795
16.43,-0.3313859351245628,0.16567390673631266,-0.9949381167020114,0.9918732160897312,-0.9900926215671461,-0.9925967989155825,0.9933830475607017,-0.1987668823316795
15.44,-0.4970789026868444,0.3313478134726253,-0.7106700833585795,0.9918732160897312,-0.9900926215671461,0.33086559963852746,0.24834576189017543,-0.5963006469950383
14.45,-0.6075408810616988,0.497021720208938,-0.42640205001514775,0.9918732160897312,-0.9900926215671461,0.9925967989155824,-0.496691523780351,-0.5963006469950383
14.81,-0.7732338486239798,0.6626956269452509,-0.142134016671716,0.9918732160897312,-0.9900926215671461,-0.3308655996385276,-0.496691523780351,0.9938344116583973
34.62,-0.05523098918742686,-0.16567390673631266,0.14213401667171577,-0.3306244053632438,0.9900926215671462,-0.3308655996385276,-0.496691523780351,-0.1987668823316795
17.63,-0.7732338486239798,0.6626956269452509,-0.142134016671716,0.9918732160897312,-0.9900926215671461,-0.3308655996385276,0.9933830475607017,0.1987668823316795
30.1,0.9941578053736886,-0.9940434404178762,-0.42640205001514775,-0.9918732160897312,0.9900926215671462,0.33086559963852746,0.24834576189017543,0.1987668823316795
35.39,0.5523098918742717,-0.6626956269452507,-0.142134016671716,-0.7714569458475686,0.9900926215671462,-0.3308655996385276,0.9933830475607017,-0.1987668823316795
14.67,-0.4970789026868444,0.3313478134726253,-0.7106700833585795,0.9918732160897312,-0.9900926215671461,-0.9925967989155825,0.24834576189017543,0.5963006469950383
33.06,0.9941578053736886,-0.9940434404178762,-0.42640205001514775,-0.9918732160897312,0.9900926215671462,-0.3308655996385276,0.9933830475607017,0.5963006469950383
44.18,-0.05523098918742686,-0.16567390673631266,0.14213401667171577,-0.3306244053632438,0.9900926215671462,-0.3308655996385276,0.9933830475607017,0.1987668823316795
21.46,0.11046197837485416,-0.33134781347262543,-0.142134016671716,-0.3306244053632438,0.9900926215671462,-0.3308655996385276,-0.9933830475607017,-0.9938344116583971
14.34,-0.9941578053736886,0.9940434404178762,0.4264020500151475,0.9918732160897312,-0.9900926215671461,-0.9925967989155825,-0.496691523780351,-0.5963006469950383
14.73,-0.3313859351245628,0.16567390673631266,-0.9949381167020114,0.9918732160897312,-0.9900926215671461,-0.9925967989155825,0.24834576189017543,-0.1987668823316795
14.6,-0.6075408810616988,0.497021720208938,-0.42640205001514775,0.9918732160897312,-0.9900926215671461,0.9925967989155824,0.24834576189017543,0.9938344116583973
31.76,0.33138593512456294,-0.4970217202089381,-0.42640205001514775,-0.3306244053632438,0.9900926215671462,-0.3308655996385276,-0.496691523780351,0.5963006469950383
41.22,-0.05523098918742686,-0.16567390673631266,0.14213401667171577,-0.3306244053632438,0.9900926215671462,-0.3308655996385276,-0.496691523780351,0.1987668823316795
16.7,-0.3313859351245628,0.16567390673631266,-0.9949381167020114,0.9918732160897312,-0.9900926215671461,0.9925967989155824,0.9933830475607017,0.9938344116583973
29.31,0.11046197837485416,-0.33134781347262543,-0.142134016671716,-0.3306244053632438,0.9900926215671462,0.33086559963852746,0.24834576189017543,0.9938344116583973
31.7,0.33138593512456294,-0.4970217202089381,-0.42640205001514775,-0.3306244053632438,0.9900926215671462,0.33086559963852746,0.9933830475607017,-0.5963006469950383
41.26,-0.05523098918742686,-0.16567390673631266,0.14213401667171577,-0.3306244053632438,0.9900926215671462,0.9925967989155824,-0.496691523780351,0.9938344116583973
29.79,0.9941578053736886,-0.9940434404178762,-0.42640205001514775,-0.9918732160897312,0.9900926215671462,-0.9925967989155825,0.24834576189017543,-0.5963006469950383
17.15,-0.9941578053736886,0.9940434404178762,0.4264020500151475,0.9918732160897312,-0.9900926215671461,0.33086559963852746,0.9933830475607017,-0.5963006469950383
34.14,0.5523098918742717,-0.6626956269452507,-0.142134016671716,-0.7714569458475686,0.9900926215671462,-0.9925967989155825,-0.496691523780351,0.1987668823316795
33.78,-0.22092395674970844,0.0,0.994938116702011,-0.7714569458475686,0.9900926215671462,0.9925967989155824,-0.496691523780351,-0.1987668823316795
36.87,-0.22092395674970844,0.0,0.994938116702011,-0.7714569458475686,0.9900926215671462,-0.9925967989155825,0.24834576189017543,-0.1987668823316795
12.07,-0.9941578053736886,0.9940434404178762,0.4264020500151475,0.9918732160897312,-0.9900926215671461,-0.9925967989155825,-0.9933830475607017,-0.9938344116583971
33.98,0.33138593512456294,-0.4970217202089381,-0.42640205001514775,-0.3306244053632438,0.9900926215671462,-0.9925967989155825,0.24834576189017543,-0.5963006469950383
32.54,0.5523098918742717,-0.6626956269452507,-0.142134016671716,-0.7714569458475686,0.9900926215671462,-0.9925967989155825,-0.496691523780351,-0.1987668823316795
17.22,-0.6075408810616988,0.497021720208938,-0.42640205001514775,0.9918732160897312,-0.9900926215671461,0.9925967989155824,0.9933830475607017,-0.1987668823316795
43.3,-0.05523098918742686,-0.16567390673631266,0.14213401667171577,-0.3306244053632438,0.9900926215671462,-0.3308655996385276,-0.496691523780351,0.5963006469950383
46.44,-0.05523098918742686,-0.16567390673631266,0.14213401667171577,-0.3306244053632438,0.9900926215671462,-0.9925967989155825,0.9933830475607017,0.1987668823316795
15.35,-0.3313859351245628,0.16567390673631266,-0.9949381167020114,0.9918732160897312,-0.9900926215671461,0.9925967989155824,0.24834576189017543,0.5963006469950383
12.4,-0.7732338486239798,0.6626956269452509,-0.142134016671716,0.9918732160897312,-0.9900926215671461,-0.9925967989155825,-0.9933830475607017,-0.9938344116583971
14.96,-0.9941578053736886,0.9940434404178762,0.4264020500151475,0.9918732160897312,-0.9900926215671461,-0.3308655996385276,0.24834576189017543,0.1987668823316795
39.55,-0.22092395674970844,0.0,0.994938116702011,-0.7714569458475686,0.9900926215671462,-0.9925967989155825,0.9933830475607017,-0.5963006469950383
37.58,-0.22092395674970844,0.0,0.994938116702011,-0.7714569458475686,0.9900926215671462,-0.3308655996385276,0.24834576189017543,-0.5963006469950383
32.64,0.5523098918742717,-0.6626956269452507,-0.142134016671716,-0.7714569458475686,0.9900926215671462,-0.3308655996385276,0.24834576189017543,-0.1987668823316795
11.19,-0.3313859351245628,0.16567390673631266,-0.9949381167020114,0.9918732160897312,-0.9900926215671461,-0.3308655996385276,-0.9933830475607017,-0.9938344116583971
20.19,-0.8836958269988342,0.8283695336815635,0.14213401667171577,0.9918732160897312,-0.9900926215671461,0.33086559963852746,0.24834576189017543,0.9938344116583973
25.84,0.9941578053736886,-0.9940434404178762,-0.42640205001514775,-0.9918732160897312,0.9900926215671462,0.33086559963852746,-0.496691523780351,0.1987668823316795
14.61,-0.9941578053736886,0.9940434404178762,0.4264020500151475,0.9918732160897312,-0.9900926215671461,0.33086559963852746,0.24834576189017543,0.9938344116583973
25.87,0.9941578053736886,-0.9940434404178762,-0.42640205001514775,-0.9918732160897312,0.9900926215671462,0.9925967989155824,-0.496691523780351,0.5963006469950383
17.1,-0.4970789026868444,0.3313478134726253,-0.7106700833585795,0.9918732160897312,-0.9900926215671461,-0.9925967989155825,0.9933830475607017,-0.5963006469950383
30.02,0.9941578053736886,-0.9940434404178762,-0.42640205001514775,-0.9918732160897312,0.9900926215671462,0.9925967989155824,0.24834576189017543,-0.1987668823316795
37.26,-0.05523098918742686,-0.16567390673631266,0.14213401667171577,-0.3306244053632438,0.9900926215671462,0.9925967989155824,0.24834576189017543,0.5963006469950383
36.73,0.33138593512456294,-0.4970217202089381,-0.42640205001514775,-0.3306244053632438,0.9900926215671462,0.9925967989155824,0.9933830475607017,-0.5963006469950383
15.95,-0.9941578053736886,0.9940434404178762,0.4264020500151475,0.9918732160897312,-0.9900926215671461,-0.3308655996385276,0.24834576189017543,-0.5963006469950383
15.0,-0.7732338486239798,0.6626956269452509,-0.142134016671716,0.9918732160897312,-0.9900926215671461,0.33086559963852746,-0.496691523780351,-0.1987668823316795
30.11,0.33138593512456294,-0.4970217202089381,-0.42640205001514775,-0.3306244053632438,0.9900926215671462,0.33086559963852746,0.9933830475607017,0.1987668823316795
18.14,-0.7732338486239798,0.6626956269452509,-0.142134016671716,0.9918732160897312,-0.9900926215671461,-0.9925967989155825,0.9933830475607017,-0.5963006469950383
16.81,-0.6075408810616988,0.497021720208938,-0.42640205001514775,0.9918732160897312,-0.9900926215671461,-0.9925967989155825,0.9933830475607017,0.5963006469950383
13.65,-0.3313859351245628,0.16567390673631266,-0.9949381167020114,0.9918732160897312,-0.9900926215671461,-0.9925967989155825,-0.496691523780351,0.9938344116583973
18.36,-0.7732338486239798,0.6626956269452509,-0.142134016671716,0.9918732160897312,-0.9900926215671461,0.33086559963852746,0.9933830475607017,-0.1987668823316795
26.95,0.11046197837485416,-0.33134781347262543,-0.142134016671716,-0.3306244053632438,0.9900926215671462,0.33086559963852746,0.24834576189017543,0.1987668823316795
29.78,0.9941578053736886,-0.9940434404178762,-0.42640205001514775,-0.9918732160897312,0.9900926215671462,-0.3308655996385276,0.24834576189017543,0.1987668823316795
13.8,-0.4970789026868444,0.3313478134726253,-0.7106700833585795,0.9918732160897312,-0.9900926215671461,-0.9925967989155825,-0.496691523780351,-0.5963006469950383
37.41,-0.05523098918742686,-0.16567390673631266,0.14213401667171577,-0.3306244053632438,0.9900926215671462,-0.3308655996385276,0.24834576189017543,-0.1987668823316795
14.03,-0.3313859351245628,0.16567390673631266,-0.9949381167020114,0.9918732160897312,-0.9900926215671461,0.9925967989155824,0.24834576189017543,0.9938344116583973
14.74,-0.4970789026868444,0.3313478134726253,-0.7106700833585795,0.9918732160897312,-0.9900926215671461,-0.3308655996385276,0.24834576189017543,0.1987668823316795
34.17,-0.22092395674970844,0.0,0.994938116702011,-0.7714569458475686,0.9900926215671462,0.33086559963852746,-0.496691523780351,-0.1987668823316795
13.7,-0.3313859351245628,0.16567390673631266,-0.9949381167020114,0.9918732160897312,-0.9900926215671461,0.9925967989155824,-0.496691523780351,-0.5963006469950383
19.34,-0.8836958269988342,0.8283695336815635,0.14213401667171577,0.9918732160897312,-0.9900926215671461,0.33086559963852746,-0.496691523780351,-0.5963006469950383
19.18,-0.8836958269988342,0.8283695336815635,0.14213401667171577,0.9918732160897312,-0.9900926215671461,-0.3308655996385276,-0.496691523780351,0.9938344116583973
14.27,-0.9941578053736886,0.9940434404178762,0.4264020500151475,0.9918732160897312,-0.9900926215671461,0.33086559963852746,-0.496691523780351,-0.1987668823316795
28.99,0.11046197837485416,-0.33134781347262543,-0.142134016671716,-0.3306244053632438,0.9900926215671462,0.33086559963852746,0.9933830475607017,-0.5963006469950383
16.9,-0.3313859351245628,0.16567390673631266,-0.9949381167020114,0.9918732160897312,-0.9900926215671461,0.33086559963852746,0.9933830475607017,0.5963006469950383
12.22,-0.9941578053736886,0.9940434404178762,0.4264020500151475,0.9918732160897312,-0.9900926215671461,-0.3308655996385276,-0.9933830475607017,-0.9938344116583971
13.79,-0.4970789026868444,0.3313478134726253,-0.7106700833585795,0.9918732160897312,-0.9900926215671461,0.33086559963852746,-0.496691523780351,0.5963006469950383
35.99,0.33138593512456294,-0.4970217202089381,-0.42640205001514775,-0.3306244053632438,0.9900926215671462,-0.9925967989155825,0.9933830475607017,-0.5963006469950383
16.9,-0.6075408810616988,0.497021720208938,-0.42640205001514775,0.9918732160897312,-0.9900926215671461,0.33086559963852746,0.9933830475607017,0.5963006469950383
14.37,-0.9941578053736886,0.9940434404178762,0.4264020500151475,0.9918732160897312,-0.9900926215671461,-0.9925967989155825,-0.496691523780351,-0.1987668823316795
15.66,-0.6075408810616988,0.497021720208938,-0.42640205001514775,0.9918732160897312,-0.9900926215671461,0.33086559963852746,0.24834576189017543,-0.1987668823316795
36.2,0.33138593512456294,-0.4970217202089381,-0.42640205001514775,-0.3306244053632438,0.9900926215671462,-0.3308655996385276,0.9933830475607017,0.5963006469950383
14.58,-0.4970789026868444,0.3313478134726253,-0.7106700833585795,0.9918732160897312,-0.9900926215671461,-0.3308655996385276,0.9933830475607017,0.9938344116583973
32.43,0.11046197837485416,-0.33134781347262543,-0.142134016671716,-0.3306244053632438,0.9900926215671462,-0.9925967989155825,0.9933830475607017,0.1987668823316795
13.77,-0.4970789026868444,0.3313478134726253,-0.7106700833585795,0.9918732160897312,-0.9900926215671461,-0.3308655996385276,-0.496691523780351,0.1987668823316795
15.41,-0.9941578053736886,0.9940434404178762,0.4264020500151475,0.9918732160897312,-0.9900926215671461,-0.9925967989155825,0.24834576189017543,0.5963006469950383
22.25,-0.8836958269988342,0.8283695336815635,0.14213401667171577,0.9918732160897312,-0.9900926215671461,0.33086559963852746,0.9933830475607017,0.5963006469950383
15.87,-0.7732338486239798,0.6626956269452509,-0.142134016671716,0.9918732160897312,-0.9900926215671461,0.9925967989155824,0.24834576189017543,-0.1987668823316795
39.7,-0.22092395674970844,0.0,0.994938116702011,-0.7714569458475686,0.9900926215671462,0.9925967989155824,0.9933830475607017,-0.1987668823316795
14.37,-0.9941578053736886,0.9940434404178762,0.4264020500151475,0.9918732160897312,-0.9900926215671461,-0.9925967989155825,-0.496691523780351,0.5963006469950383
26.44,0.9941578053736886,-0.9940434404178762,-0.42640205001514775,-0.9918732160897312,0.9900926215671462,0.33086559963852746,-0.496691523780351,-0.5963006469950383
18.24,-0.7732338486239798,0.6626956269452509,-0.142134016671716,0.9918732160897312,-0.9900926215671461,0.9925967989155824,0.9933830475607017,0.5963006469950383
14.74,-0.7732338486239798,0.6626956269452509,-0.142134016671716,0.9918732160897312,-0.9900926215671461,0.9925967989155824,-0.496691523780351,-0.1987668823316795
21.33,0.9941578053736886,-0.9940434404178762,-0.42640205001514775,-0.9918732160897312,0.9900926215671462,0.9925967989155824,-0.9933830475607017,-0.9938344116583971
19.29,-0.8836958269988342,0.8283695336815635,0.14213401667171577,0.9918732160897312,-0.9900926215671461,0.9925967989155824,-0.496691523780351,0.9938344116583973
29.79,-0.22092395674970844,0.0,0.994938116702011,-0.7714569458475686,0.9900926215671462,-0.9925967989155825,-0.9933830475607017,-0.9938344116583971
11.17,-0.3313859351245628,0.16567390673631266,-0.9949381167020114,0.9918732160897312,-0.9900926215671461,0.9925967989155824,-0.9933830475607017,-0.9938344116583971
34.45,0.5523098918742717,-0.6626956269452507,-0.142134016671716,-0.7714569458475686,0.9900926215671462,0.33086559963852746,-0.496691523780351,0.9938344116583973
33.91,-0.22092395674970844,0.0,0.994938116702011,-0.7714569458475686,0.9900926215671462,-0.9925967989155825,-0.496691523780351,-0.1987668823316795
23.77,0.11046197837485416,-0.33134781347262543,-0.142134016671716,-0.3306244053632438,0.9900926215671462,-0.9925967989155825,-0.9933830475607017,-0.9938344116583971
14.23,-0.9941578053736886,0.9940434404178762,0.4264020500151475,0.9918732160897312,-0.9900926215671461,-0.3308655996385276,-0.496691523780351,0.1987668823316795
14.81,-0.3313859351245628,0.16567390673631266,-0.9949381167020114,0.9918732160897312,-0.9900926215671461,0.33086559963852746,0.24834576189017543,0.9938344116583973
40.47,-0.22092395674970844,0.0,0.994938116702011,-0.7714569458475686,0.9900926215671462,0.33086559963852746,0.9933830475607017,-0.1987668823316795
30.19,0.9941578053736886,-0.9940434404178762,-0.42640205001514775,-0.9918732160897312,0.9900926215671462,0.33086559963852746,0.24834576189017543,0.5963006469950383
15.32,-0.9941578053736886,0.9940434404178762,0.4264020500151475,0.9918732160897312,-0.9900926215671461,-0.9925967989155825,0.24834576189017543,-0.1987668823316795
16.6,-0.3313859351245628,0.16567390673631266,-0.9949381167020114,0.9918732160897312,-0.9900926215671461,0.9925967989155824,0.9933830475607017,0.1987668823316795
32.83,0.9941578053736886,-0.9940434404178762,-0.42640205001514775,-0.9918732160897312,0.9900926215671462,0.33086559963852746,0.9933830475607017,-0.5963006469950383
29.64,0.11046197837485416,-0.33134781347262543,-0.142134016671716,-0.3306244053632438,0.9900926215671462,0.9925967989155824,0.9933830475607017,0.1987668823316795
12.14,-0.7732338486239798,0.6626956269452509,-0.142134016671716,0.9918732160897312,-0.9900926215671461,0.9925967989155824,-0.9933830475607017,-0.9938344116583971
25.02,0.11046197837485416,-0.33134781347262543,-0.142134016671716,-0.3306244053632438,0.9900926215671462,-0.3308655996385276,-0.496691523780351,-0.1987668823316795
17.02,-0.6075408810616988,0.497021720208938,-0.42640205001514775,0.9918732160897312,-0.9900926215671461,0.9925967989155824,0.9933830475607017,0.1987668823316795
20.78,-0.8836958269988342,0.8283695336815635,0.14213401667171577,0.9918732160897312,-0.9900926215671461,-0.9925967989155825,0.9933830475607017,0.1987668823316795
13.89,-0.9941578053736886,0.9940434404178762,0.4264020500151475,0.9918732160897312,-0.9900926215671461,0.9925967989155824,-0.496691523780351,0.1987668823316795
17.01,-0.6075408810616988,0.497021720208938,-0.42640205001514775,0.9918732160897312,-0.9900926215671461,-0.3308655996385276,0.9933830475607017,-0.1987668823316795
32.0,0.5523098918742717,-0.6626956269452507,-0.142134016671716,-0.7714569458475686,0.9900926215671462,-0.3308655996385276,0.24834576189017543,0.9938344116583973
26.18,0.9941578053736886,-0.9940434404178762,-0.42640205001514775,-0.9918732160897312,0.9900926215671462,0.33086559963852746,-0.496691523780351,0.5963006469950383
13.67,-0.4970789026868444,0.3313478134726253,-0.7106700833585795,0.9918732160897312,-0.9900926215671461,-0.9925967989155825,-0.496691523780351,0.5963006469950383
15.5,-0.3313859351245628,0.16567390673631266,-0.9949381167020114,0.9918732160897312,-0.9900926215671461,0.9925967989155824,0.24834576189017543,-0.5963006469950383
16.86,-0.9941578053736886,0.9940434404178762,0.4264020500151475,0.9918732160897312,-0.9900926215671461,0.33086559963852746,0.9933830475607017,-0.1987668823316795
36.66,-0.05523098918742686,-0.16567390673631266,0.14213401667171577,-0.3306244053632438,0.9900926215671462,-0.3308655996385276,0.24834576189017543,0.9938344116583973
16.14,-0.7732338486239798,0.6626956269452509,-0.142134016671716,0.9918732160897312,-0.9900926215671461,0.33086559963852746,0.24834576189017543,0.1987668823316795
18.06,-0.7732338486239798,0.6626956269452509,-0.142134016671716,0.9918732160897312,-0.9900926215671461,0.9925967989155824,0.9933830475607017,0.9938344116583973
16.54,-0.6075408810616988,0.497021720208938,-0.42640205001514775,0.9918732160897312,-0.9900926215671461,0.33086559963852746,0.9933830475607017,0.9938344116583973
30.93,-0.05523098918742686,-0.16567390673631266,0.14213401667171577,-0.3306244053632438,0.9900926215671462,0.33086559963852746,-0.9933830475607017,-0.9938344116583971
12.05,-0.6075408810616988,0.497021720208938,-0.42640205001514775,0.9918732160897312,-0.9900926215671461,-0.3308655996385276,-0.9933830475607017,-0.9938344116583971
31.01,0.33138593512456294,-0.4970217202089381,-0.42640205001514775,-0.3306244053632438,0.9900926215671462,-0.3308655996385276,-0.496691523780351,0.1987668823316795
40.66,0.5523098918742717,-0.6626956269452507,-0.142134016671716,-0.7714569458475686,0.9900926215671462,0.9925967989155824,0.9933830475607017,-0.1987668823316795
32.35,0.11046197837485416,-0.33134781347262543,-0.142134016671716,-0.3306244053632438,0.9900926215671462,-0.3308655996385276,0.9933830475607017,0.5963006469950383
35.92,0.5523098918742717,-0.6626956269452507,-0.142134016671716,-0.7714569458475686,0.9900926215671462,0.33086559963852746,0.9933830475607017,-0.5963006469950383
35.73,-0.22092395674970844,0.0,0.994938116702011,-0.7714569458475686,0.9900926215671462,0.33086559963852746,0.24834576189017543,0.9938344116583973
33.37,0.33138593512456294,-0.4970217202089381,-0.42640205001514775,-0.3306244053632438,0.9900926215671462,-0.9925967989155825,0.24834576189017543,-0.1987668823316795
19.26,-0.8836958269988342,0.8283695336815635,0.14213401667171577,0.9918732160897312,-0.9900926215671461,0.33086559963852746,-0.496691523780351,0.9938344116583973
41.86,-0.05523098918742686,-0.16567390673631266,0.14213401667171577,-0.3306244053632438,0.9900926215671462,0.33086559963852746,-0.496691523780351,0.5963006469950383
39.48,-0.22092395674970844,0.0,0.994938116702011,-0.7714569458475686,0.9900926215671462,0.9925967989155824,0.9933830475607017,-0.5963006469950383
29.56,0.11046197837485416,-0.33134781347262543,-0.142134016671716,-0.3306244053632438,0.9900926215671462,-0.3308655996385276,0.9933830475607017,0.9938344116583973
24.93,0.11046197837485416,-0.33134781347262543,-0.142134016671716,-0.3306244053632438,0.9900926215671462,0.9925967989155824,-0.9933830475607017,-0.9938344116583971
37.01,-0.22092395674970844,0.0,0.994938116702011,-0.7714569458475686,0.9900926215671462,-0.3308655996385276,0.24834576189017543,0.9938344116583973
21.09,-0.8836958269988342,0.8283695336815635,0.14213401667171577,0.9918732160897312,-0.9900926215671461,0.33086559963852746,0.24834576189017543,-0.5963006469950383
13.5,-0.3313859351245628,0.16567390673631266,-0.9949381167020114,0.9918732160897312,-0.9900926215671461,0.9925967989155824,-0.496691523780351,0.9938344116583973
15.2,-0.4970789026868444,0.3313478134726253,-0.7106700833585795,0.9918732160897312,-0.9900926215671461,0.33086559963852746,0.24834576189017543,0.5963006469950383
14.38,-0.6075408810616988,0.497021720208938,-0.42640205001514775,0.9918732160897312,-0.9900926215671461,-0.3308655996385276,0.24834576189017543,0.1987668823316795
13.36,-0.3313859351245628,0.16567390673631266,-0.9949381167020114,0.9918732160897312,-0.9900926215671461,-0.3308655996385276,-0.496691523780351,0.1987668823316795
25.63,0.9941578053736886,-0.9940434404178762,-0.42640205001514775,-0.9918732160897312,0.9900926215671462,-0.3308655996385276,-0.496691523780351,-0.1987668823316795
31.14,0.11046197837485416,-0.33134781347262543,-0.142134016671716,-0.3306244053632438,0.9900926215671462,0.33086559963852746,0.9933830475607017,0.5963006469950383
17.38,-0.9941578053736886,0.9940434404178762,0.4264020500151475,0.9918732160897312,-0.9900926215671461,-0.3308655996385276,0.9933830475607017,-0.1987668823316795
31.9,0.33138593512456294,-0.4970217202089381,-0.42640205001514775,-0.3306244053632438,0.9900926215671462,0.9925967989155824,-0.496691523780351,-0.1987668823316795
14.09,-0.9941578053736886,0.9940434404178762,0.4264020500151475,0.9918732160897312,-0.9900926215671461,-0.9925967989155825,-0.496691523780351,0.1987668823316795
45.48,-0.05523098918742686,-0.16567390673631266,0.14213401667171577,-0.3306244053632438,0.9900926215671462,-0.3308655996385276,0.24834576189017543,0.5963006469950383
14.86,-0.7732338486239798,0.6626956269452509,-0.142134016671716,0.9918732160897312,-0.9900926215671461,-0.9925967989155825,-0.496691523780351,0.5963006469950383
16.03,-0.9941578053736886,0.9940434404178762,0.4264020500151475,0.9918732160897312,-0.9900926215671461,0.9925967989155824,0.9933830475607017,0.9938344116583973
16.14,-0.7732338486239798,0.6626956269452509,-0.142134016671716,0.9918732160897312,-0.9900926215671461,0.9925967989155824,0.24834576189017543,0.5963006469950383
29.88,0.11046197837485416,-0.33134781347262543,-0.142134016671716,-0.3306244053632438,0.9900926215671462,0.9925967989155824,0.24834576189017543,-0.1987668823316795
34.43,-0.05523098918742686,-0.16567390673631266,0.14213401667171577,-0.3306244053632438,0.9900926215671462,0.33086559963852746,-0.496691523780351,-0.5963006469950383
29.49,0.9941578053736886,-0.9940434404178762,-0.42640205001514775,-0.9918732160897312,0.9900926215671462,0.9925967989155824,0.24834576189017543,-0.5963006469950383
16.74,-0.3313859351245628,0.16567390673631266,-0.9949381167020114,0.9918732160897312,-0.9900926215671461,-0.3308655996385276,0.9933830475607017,0.5963006469950383
29.53,0.9941578053736886,-0.9940434404178762,-0.42640205001514775,-0.9918732160897312,0.9900926215671462,-0.9925967989155825,0.24834576189017543,0.9938344116583973
13.2,-0.3313859351245628,0.16567390673631266,-0.9949381167020114,0.9918732160897312,-0.9900926215671461,-0.9925967989155825,-0.496691523780351,0.5963006469950383
15.1,-0.3313859351245628,0.16567390673631266,-0.9949381167020114,0.9918732160897312,-0.9900926215671461,-0.3308655996385276,0.24834576189017543,-0.1987668823316795
16.8,-0.8836958269988342,0.8283695336815635,0.14213401667171577,0.9918732160897312,-0.9900926215671461,-0.3308655996385276,-0.9933830475607017,-0.9938344116583971
25.38,0.5523098918742717,-0.6626956269452507,-0.142134016671716,-0.7714569458475686,0.9900926215671462,-0.3308655996385276,-0.9933830475607017,-0.9938344116583971
16.22,-0.7732338486239798,0.6626956269452509,-0.142134016671716,0.9918732160897312,-0.9900926215671461,0.33086559963852746,0.24834576189017543,-0.1987668823316795
14.3,-0.4970789026868444,0.3313478134726253,-0.7106700833585795,0.9918732160897312,-0.9900926215671461,0.33086559963852746,-0.496691523780351,0.1987668823316795
15.28,-0.3313859351245628,0.16567390673631266,-0.9949381167020114,0.9918732160897312,-0.9900926215671461,0.33086559963852746,0.24834576189017543,-0.5963006469950383
34.0,0.9941578053736886,-0.9940434404178762,-0.42640205001514775,-0.9918732160897312,0.9900926215671462,0.9925967989155824,0.9933830475607017,0.1987668823316795
14.44,-0.6075408810616988,0.497021720208938,-0.42640205001514775,0.9918732160897312,-0.9900926215671461,-0.9925967989155825,-0.496691523780351,0.1987668823316795
20.46,-0.8836958269988342,0.8283695336815635,0.14213401667171577,0.9918732160897312,-0.9900926215671461,0.33086559963852746,0.24834576189017543,0.1987668823316795
34.07,-0.22092395674970844,0.0,0.994938116702011,-0.7714569458475686,0.9900926215671462,-0.3308655996385276,-0.496691523780351,-0.5963006469950383
15.0,-0.7732338486239798,0.6626956269452509,-0.142134016671716,0.9918732160897312,-0.9900926215671461,0.33086559963852746,-0.496691523780351,0.5963006469950383
16.06,-0.7732338486239798,0.6626956269452509,-0.142134016671716,0.9918732160897312,-0.9900926215671461,0.9925967989155824,0.24834576189017543,0.9938344116583973
17.03,-0.3313859351245628,0.16567390673631266,-0.9949381167020114,0.9918732160897312,-0.9900926215671461,0.33086559963852746,0.9933830475607017,-0.5963006469950383
26.37,0.9941578053736886,-0.9940434404178762,-0.42640205001514775,-0.9918732160897312,0.9900926215671462,-0.3308655996385276,-0.496691523780351,-0.5963006469950383
16.99,-0.6075408810616988,0.497021720208938,-0.42640205001514775,0.9918732160897312,-0.9900926215671461,0.33086559963852746,0.9933830475607017,0.1987668823316795
21.16,0.11046197837485416,-0.33134781347262543,-0.142134016671716,-0.3306244053632438,0.9900926215671462,0.33086559963852746,-0.9933830475607017,-0.9938344116583971
19.3,-0.8836958269988342,0.8283695336815635,0.14213401667171577,0.9918732160897312,-0.9900926215671461,0.9925967989155824,-0.496691523780351,-0.1987668823316795
13.72,-0.3313859351245628,0.16567390673631266,-0.9949381167020114,0.9918732160897312,-0.9900926215671461,0.33086559963852746,-0.496691523780351,0.9938344116583973
14.72,-0.3313859351245628,0.16567390673631266,-0.9949381167020114,0.9918732160897312,-0.9900926215671461,0.33086559963852746,0.24834576189017543,0.1987668823316795
30.53,0.33138593512456294,-0.4970217202089381,-0.42640205001514775,-0.3306244053632438,0.9900926215671462,-0.3308655996385276,0.9933830475607017,-0.1987668823316795
14.27,-0.9941578053736886,0.9940434404178762,0.4264020500151475,0.9918732160897312,-0.9900926215671461,0.9925967989155824,-0.496691523780351,-0.5963006469950383
37.76,-0.05523098918742686,-0.16567390673631266,0.14213401667171577,-0.3306244053632438,0.9900926215671462,0.33086559963852746,0.24834576189017543,0.1987668823316795
14.39,-0.6075408810616988,0.497021720208938,-0.42640205001514775,0.9918732160897312,-0.9900926215671461,0.9925967989155824,-0.496691523780351,0.9938344116583973
15.14,-0.9941578053736886,0.9940434404178762,0.4264020500151475,0.9918732160897312,-0.9900926215671461,0.33086559963852746,0.24834576189017543,-0.1987668823316795
33.78,0.9941578053736886,-0.9940434404178762,-0.42640205001514775,-0.9918732160897312,0.9900926215671462,0.9925967989155824,0.9933830475607017,-0.1987668823316795
40.99,0.5523098918742717,-0.6626956269452507,-0.142134016671716,-0.7714569458475686,0.9900926215671462,0.9925967989155824,0.9933830475607017,-0.5963006469950383
35.1,-0.05523098918742686,-0.16567390673631266,0.14213401667171577,-0.3306244053632438,0.9900926215671462,0.33086559963852746,-0.496691523780351,0.1987668823316795
14.92,-0.3313859351245628,0.16567390673631266,-0.9949381167020114,0.9918732160897312,-0.9900926215671461,-0.9925967989155825,0.24834576189017543,0.5963006469950383
14.92,-0.4970789026868444,0.3313478134726253,-0.7106700833585795,0.9918732160897312,-0.9900926215671461,-0.9925967989155825,0.24834576189017543,0.1987668823316795
29.68,-0.22092395674970844,0.0,0.994938116702011,-0.7714569458475686,0.9900926215671462,-0.3308655996385276,-0.9933830475607017,-0.9938344116583971
40.85,-0.22092395674970844,0.0,0.994938116702011,-0.7714569458475686,0.9900926215671462,-0.3308655996385276,0.9933830475607017,-0.5963006469950383
13.8,-0.4970789026868444,0.3313478134726253,-0.7106700833585795,0.9918732160897312,-0.9900926215671461,0.33086559963852746,-0.496691523780351,-0.1987668823316795
33.91,0.5523098918742717,-0.6626956269452507,-0.142134016671716,-0.7714569458475686,0.9900926215671462,-0.3308655996385276,-0.496691523780351,0.5963006469950383
25.68,0.9941578053736886,-0.9940434404178762,-0.42640205001514775,-0.9918732160897312,0.9900926215671462,-0.9925967989155825,-0.496691523780351,0.1987668823316795
17.21,-0.9941578053736886,0.9940434404178762,0.4264020500151475,0.9918732160897312,-0.9900926215671461,-0.3308655996385276,0.9933830475607017,-0.5963006469950383
33.67,-0.22092395674970844,0.0,0.994938116702011,-0.7714569458475686,0.9900926215671462,0.9925967989155824,-0.496691523780351,-0.5963006469950383
14.2,-0.4970789026868444,0.3313478134726253,-0.7106700833585795,0.9918732160897312,-0.9900926215671461,0.9925967989155824,-0.496691523780351,0.5963006469950383
19.9,-0.8836958269988342,0.8283695336815635,0.14213401667171577,0.9918732160897312,-0.9900926215671461,0.9925967989155824,0.24834576189017543,0.5963006469950383
16.5,-0.6075408810616988,0.497021720208938,-0.42640205001514775,0.9918732160897312,-0.9900926215671461,-0.9925967989155825,0.9933830475607017,-0.5963006469950383
18.36,-0.7732338486239798,0.6626956269452509,-0.142134016671716,0.9918732160897312,-0.9900926215671461,0.33086559963852746,0.9933830475607017,0.5963006469950383
32.92,0.5523098918742717,-0.6626956269452507,-0.142134016671716,-0.7714569458475686,0.9900926215671462,-0.9925967989155825,-0.496691523780351,-0.5963006469950383
14.29,-0.6075408810616988,0.497021720208938,-0.42640205001514775,0.9918732160897312,-0.9900926215671461,-0.9925967989155825,-0.496691523780351,0.5963006469950383
21.19,-0.8836958269988342,0.8283695336815635,0.14213401667171577,0.9918732160897312,-0.9900926215671461,-0.3308655996385276,0.24834576189017543,-0.5963006469950383
