output,X1,X2,X3,X4,X5
116.859,2000,9.9,0.1524,31.7,0.0252785
119.541,6300,0.0,0.3048,71.3,0.00266337
123.311,3150,5.4,0.1524,71.3,0.00401199
130.43,800,15.4,0.0508,55.5,0.0271925
121.499,5000,2.7,0.1524,39.6,0.00294804
122.235,2000,6.7,0.1016,39.6,0.00578076
130.558,315,7.2,0.1524,39.6,0.00909175
129.267,1600,0.0,0.0254,31.7,0.000439472
117.154,6300,4.0,0.2286,55.5,0.0042861999999999996
120.851,6300,3.3,0.1016,39.6,0.00245138
120.055,2000,19.7,0.0508,71.3,0.034118300000000004
120.538,8000,12.7,0.0254,71.3,0.012180799999999999
134.85299999999998,630,7.2,0.1524,71.3,0.00752039
128.16899999999998,500,7.3,0.2286,31.7,0.0132672
121.514,3150,3.0,0.3048,71.3,0.00425727
118.955,4000,8.4,0.0508,39.6,0.00566229
115.234,2500,12.6,0.1524,71.3,0.0483159
117.741,4000,1.5,0.3048,39.6,0.00392107
137.047,4000,0.0,0.0254,31.7,0.000439472
130.503,3150,0.0,0.0254,55.5,0.00041229
133.04,2500,0.0,0.1016,55.5,0.00131983
128.35399999999998,200,12.6,0.1524,71.3,0.0483159
124.156,1600,0.0,0.0254,39.6,0.00042846400000000004
131.458,2500,6.7,0.1016,71.3,0.00478288
128.762,1250,2.0,0.2286,55.5,0.00313525
112.945,4000,9.9,0.1524,55.5,0.0208438
126.835,500,9.9,0.1524,39.6,0.0233328
112.848,8000,4.0,0.2286,71.3,0.00400603
126.34299999999999,1250,4.0,0.3048,39.6,0.00579636
133.235,250,9.9,0.1524,55.5,0.0208438
108.684,4000,19.7,0.0508,39.6,0.036483999999999996
114.45299999999999,5000,15.4,0.0508,39.6,0.0282593
134.976,2000,9.5,0.0254,71.3,0.00420654
130.746,800,9.5,0.0254,31.7,0.00461377
126.20100000000001,800,0.0,0.3048,71.3,0.00266337
131.836,2500,0.0,0.0254,39.6,0.00042846400000000004
125.398,400,3.0,0.3048,31.7,0.00529514
127.62299999999999,2000,0.0,0.0254,55.5,0.00041229
132.769,1250,3.3,0.1016,55.5,0.002211
133.04,6300,0.0,0.0508,71.3,0.000740478
131.236,2500,4.8,0.0254,39.6,0.000907475
128.879,800,9.9,0.1524,71.3,0.019300099999999997
126.446,1250,22.2,0.0254,39.6,0.022902799999999997
109.22200000000001,12500,1.5,0.3048,71.3,0.00336729
127.054,3150,2.7,0.1524,71.3,0.00243851
129.977,1600,12.7,0.0254,39.6,0.013025299999999998
132.251,500,5.3,0.2286,39.6,0.00614329
135.329,250,9.9,0.1524,71.3,0.019300099999999997
113.29700000000001,16000,0.0,0.1524,71.3,0.0015988
124.04899999999999,1600,0.0,0.3048,39.6,0.00310138
128.2,1600,15.4,0.0508,55.5,0.0271925
122.79700000000001,2000,2.0,0.2286,39.6,0.00346574
133.924,4000,4.8,0.0254,55.5,0.000873218
127.54799999999999,500,3.0,0.3048,31.7,0.00529514
128.265,400,12.3,0.1016,39.6,0.0408268
137.007,3150,0.0,0.0254,71.3,0.00040068199999999997
126.045,630,8.4,0.0508,39.6,0.00566229
128.971,630,5.4,0.1524,71.3,0.00401199
116.72399999999999,10000,2.7,0.1524,71.3,0.00243851
121.944,6300,2.7,0.1524,71.3,0.00243851
122.23200000000001,4000,2.0,0.2286,55.5,0.00313525
129.946,1000,8.4,0.0508,71.3,0.00529514
121.99600000000001,4000,17.4,0.0254,31.7,0.017663099999999998
125.398,6300,12.7,0.0254,71.3,0.012180799999999999
129.575,400,4.0,0.3048,71.3,0.00497773
124.086,4000,2.0,0.2286,71.3,0.00293031
135.938,3150,0.0,0.0508,39.6,0.000791822
123.46600000000001,3150,17.4,0.0254,31.7,0.017663099999999998
130.156,8000,0.0,0.0508,55.5,0.00076193
130.049,1600,2.7,0.1524,39.6,0.00294804
118.024,8000,0.0,0.2286,71.3,0.00214345
126.34899999999999,1000,9.9,0.1524,71.3,0.019300099999999997
129.05700000000002,630,2.0,0.2286,31.7,0.00372371
128.939,400,9.9,0.1524,31.7,0.0252785
128.705,630,0.0,0.2286,39.6,0.00253511
117.25299999999999,6300,8.9,0.1016,71.3,0.0103088
134.556,5000,0.0,0.0508,55.5,0.00076193
115.81200000000001,5000,8.4,0.0508,55.5,0.00544854
133.649,1600,3.3,0.1016,55.5,0.002211
123.189,1250,7.3,0.2286,39.6,0.0123481
120.786,6300,2.0,0.2286,71.3,0.00293031
126.266,315,6.7,0.1016,31.7,0.00592927
129.63299999999998,2000,0.0,0.1524,39.6,0.00193287
122.101,2000,1.5,0.3048,39.6,0.00392107
125.47200000000001,400,3.0,0.3048,39.6,0.00495741
124.12700000000001,3150,22.2,0.0254,71.3,0.0214178
131.955,3150,0.0,0.1016,71.3,0.00121072
134.319,200,9.9,0.1524,71.3,0.019300099999999997
130.893,1600,7.2,0.1524,71.3,0.00752039
111.588,8000,7.2,0.1524,39.6,0.00909175
134.498,6300,4.8,0.0254,71.3,0.000848633
128.86700000000002,630,12.7,0.0254,39.6,0.013025299999999998
125.319,1600,4.0,0.2286,39.6,0.00473801
122.527,8000,0.0,0.1524,71.3,0.0015988
118.34299999999999,5000,7.2,0.1524,71.3,0.00752039
113.525,3150,9.9,0.1524,39.6,0.0233328
133.846,1600,8.4,0.0508,71.3,0.00529514
130.34799999999998,800,12.7,0.0254,71.3,0.012180799999999999
133.649,2000,3.3,0.1016,55.5,0.002211
130.299,500,7.3,0.2286,39.6,0.0123481
121.118,5000,4.0,0.2286,71.3,0.00400603
130.629,3150,3.3,0.1016,55.5,0.002211
130.4,1000,15.4,0.0508,55.5,0.0271925
132.886,800,6.7,0.1016,31.7,0.00592927
123.465,4000,0.0,0.2286,39.6,0.00253511
128.244,2000,0.0,0.2286,71.3,0.00214345
134.308,5000,0.0,0.0508,39.6,0.000791822
125.99700000000001,630,0.0,0.1524,31.7,0.00209405
112.265,4000,9.9,0.1524,39.6,0.0233328
111.35,10000,5.3,0.2286,71.3,0.0051942
118.365,2500,9.9,0.1524,55.5,0.0208438
127.76299999999999,2500,0.0,0.1524,55.5,0.00172668
108.721,16000,0.0,0.3048,71.3,0.00266337
117.927,400,22.2,0.0254,71.3,0.0214178
119.111,3150,1.5,0.3048,39.6,0.00392107
132.202,1250,9.5,0.0254,55.5,0.0043284
115.635,4000,15.4,0.0508,31.7,0.028985300000000002
123.965,3150,8.4,0.0508,39.6,0.00566229
121.52799999999999,1600,15.6,0.1016,71.3,0.0437259
131.755,800,4.0,0.3048,71.3,0.00497773
135.803,5000,0.0,0.0254,55.5,0.00041229
116.476,8000,0.0,0.3048,55.5,0.00283081
108.265,10000,0.0,0.3048,31.7,0.00331266
132.43,1000,11.2,0.0508,39.6,0.015047799999999998
127.781,400,5.4,0.1524,31.7,0.00525474
131.346,8000,4.8,0.0254,39.6,0.000907475
122.08200000000001,5000,3.3,0.1016,31.7,0.00251435
126.54,1600,11.2,0.0508,39.6,0.015047799999999998
126.79,1600,0.0,0.2286,55.5,0.00229336
128.264,1600,4.0,0.2286,55.5,0.0042861999999999996
131.346,1000,9.5,0.0254,31.7,0.00461377
112.76799999999999,16000,4.0,0.2286,71.3,0.00400603
117.137,4000,5.4,0.1524,39.6,0.00485029
132.184,8000,4.8,0.0254,55.5,0.000873218
135.328,4000,4.8,0.0254,31.7,0.0009307889999999999
135.54,400,8.9,0.1016,39.6,0.012459600000000001
118.816,5000,22.2,0.0254,39.6,0.022902799999999997
131.45600000000002,2000,0.0,0.0508,55.5,0.00076193
127.229,4000,3.3,0.1016,55.5,0.002211
126.001,1000,17.4,0.0254,55.5,0.016570599999999998
115.89299999999999,10000,0.0,0.1016,31.7,0.00150092
117.50399999999999,2000,12.6,0.1524,71.3,0.0483159
115.691,5000,5.4,0.1524,31.7,0.00525474
128.119,1250,4.0,0.2286,31.7,0.00509068
116.92,6300,5.3,0.2286,71.3,0.0051942
127.006,2500,2.0,0.2286,71.3,0.00293031
126.416,500,0.0,0.3048,55.5,0.00283081
128.809,315,9.9,0.1524,31.7,0.0252785
122.39399999999999,3150,4.0,0.2286,55.5,0.0042861999999999996
126.75200000000001,1600,2.0,0.2286,55.5,0.00313525
118.545,1600,9.9,0.1524,39.6,0.0233328
120.061,5000,5.4,0.1524,71.3,0.00401199
125.22,12500,0.0,0.0508,71.3,0.000740478
115.215,6300,15.4,0.0508,71.3,0.0264269
117.99600000000001,5000,17.4,0.0254,31.7,0.017663099999999998
113.288,5000,7.2,0.1524,39.6,0.00909175
126.805,400,15.4,0.0508,71.3,0.0264269
109.619,12500,0.0,0.3048,39.6,0.00310138
133.58700000000002,3150,4.2,0.0508,39.6,0.00152689
132.54,2000,0.0,0.1016,55.5,0.00131983
116.723,5000,8.9,0.1016,71.3,0.0103088
108.03399999999999,4000,12.6,0.1524,71.3,0.0483159
121.485,1600,15.4,0.0508,31.7,0.028985300000000002
116.956,250,17.4,0.0254,31.7,0.017663099999999998
127.398,10000,4.8,0.0254,71.3,0.000848633
127.039,500,4.0,0.2286,39.6,0.00473801
120.726,6300,9.5,0.0254,31.7,0.00461377
135.227,3150,0.0,0.0254,31.7,0.000439472
115.37200000000001,8000,1.5,0.3048,71.3,0.00336729
114.309,3150,7.3,0.2286,39.6,0.0123481
119.975,200,15.4,0.0508,31.7,0.028985300000000002
116.22,4000,8.9,0.1016,39.6,0.012459600000000001
126.632,1600,1.5,0.3048,71.3,0.00336729
108.40700000000001,4000,12.3,0.1016,31.7,0.0418756
115.863,4000,4.0,0.3048,39.6,0.00579636
122.679,1250,9.9,0.1524,71.3,0.019300099999999997
120.49700000000001,2500,5.4,0.1524,39.6,0.00485029
125.941,200,11.2,0.0508,71.3,0.014072
130.964,1250,9.5,0.0254,39.6,0.00449821
128.583,1000,0.0,0.1524,55.5,0.00172668
122.75399999999999,315,15.6,0.1016,39.6,0.0528487
112.803,16000,0.0,0.1524,55.5,0.00172668
128.401,3150,3.3,0.1016,39.6,0.00245138
133.38,1250,5.3,0.2286,71.3,0.0051942
131.279,500,9.9,0.1524,71.3,0.019300099999999997
131.605,400,9.9,0.1524,55.5,0.0208438
131.44799999999998,630,6.7,0.1016,71.3,0.00478288
123.775,2500,4.0,0.3048,71.3,0.00497773
126.54,2000,0.0,0.2286,55.5,0.00229336
118.41,6300,0.0,0.2286,55.5,0.00229336
119.294,315,9.5,0.0254,39.6,0.00449821
116.96700000000001,10000,4.2,0.0508,39.6,0.00152689
126.838,1000,3.0,0.3048,31.7,0.00529514
128.545,200,12.3,0.1016,39.6,0.0408268
114.709,2500,7.3,0.2286,31.7,0.0132672
119.91,12500,0.0,0.1016,55.5,0.00131983
126.537,4000,12.7,0.0254,39.6,0.013025299999999998
118.634,1250,19.7,0.0508,39.6,0.036483999999999996
128.339,1250,4.0,0.2286,39.6,0.00473801
117.72399999999999,2000,19.7,0.0508,39.6,0.036483999999999996
125.16,3150,0.0,0.2286,55.5,0.00229336
125.194,1000,7.3,0.2286,55.5,0.011170600000000001
120.13600000000001,250,9.5,0.0254,31.7,0.00461377
132.134,1000,4.0,0.2286,55.5,0.0042861999999999996
131.015,1000,4.0,0.3048,71.3,0.00497773
132.27100000000002,1250,0.0,0.1016,39.6,0.00146332
131.111,2000,5.4,0.1524,71.3,0.00401199
115.52,4000,11.2,0.0508,39.6,0.015047799999999998
125.10700000000001,5000,12.7,0.0254,39.6,0.013025299999999998
134.227,10000,0.0,0.0254,31.7,0.000439472
127.117,1250,5.4,0.1524,39.6,0.00485029
128.708,800,3.0,0.3048,31.7,0.00529514
133.48,800,5.3,0.2286,71.3,0.0051942
123.21700000000001,20000,0.0,0.0254,71.3,0.00040068199999999997
128.086,800,0.0,0.3048,55.5,0.00283081
136.886,630,17.4,0.0254,31.7,0.017663099999999998
124.555,800,19.7,0.0508,71.3,0.034118300000000004
125.094,12500,4.8,0.0254,55.5,0.000873218
125.45200000000001,630,9.5,0.0254,55.5,0.0043284
133.251,2000,0.0,0.1016,39.6,0.00146332
127.89299999999999,1000,15.4,0.0508,39.6,0.0282593
133.153,2000,0.0,0.1016,31.7,0.00150092
129.934,3150,9.5,0.0254,39.6,0.00449821
133.59799999999998,4000,4.2,0.0508,71.3,0.00142788
125.116,400,2.0,0.2286,71.3,0.00293031
136.10299999999998,6300,0.0,0.0254,55.5,0.00041229
113.85799999999999,5000,3.0,0.3048,31.7,0.00529514
128.72299999999998,1000,4.0,0.3048,39.6,0.00579636
125.68299999999999,16000,0.0,0.0254,55.5,0.00041229
118.994,2500,7.3,0.2286,55.5,0.011170600000000001
121.318,2500,12.3,0.1016,71.3,0.033779199999999995
132.118,400,7.2,0.1524,39.6,0.00909175
127.461,2000,0.0,0.3048,71.3,0.00266337
120.654,4000,4.0,0.2286,55.5,0.0042861999999999996
124.346,1600,6.7,0.1016,31.7,0.00592927
121.40700000000001,2500,2.0,0.2286,31.7,0.00372371
120.527,4000,2.0,0.2286,31.7,0.00372371
121.635,1250,9.9,0.1524,55.5,0.0208438
112.139,10000,0.0,0.3048,39.6,0.00310138
128.595,315,9.9,0.1524,39.6,0.0233328
126.743,1250,15.4,0.0508,39.6,0.0282593
120.98100000000001,2500,1.5,0.3048,39.6,0.00392107
121.587,3150,5.4,0.1524,55.5,0.00433288
126.661,500,1.5,0.3048,39.6,0.00392107
127.815,500,9.9,0.1524,55.5,0.0208438
127.86399999999999,4000,9.5,0.0254,39.6,0.00449821
113.086,10000,2.0,0.2286,71.3,0.00293031
121.889,4000,2.7,0.1524,39.6,0.00294804
123.742,3150,2.0,0.2286,55.5,0.00313525
129.68,1600,0.0,0.0508,71.3,0.000740478
107.985,6300,12.3,0.1016,39.6,0.0408268
119.649,2500,4.0,0.2286,39.6,0.00473801
131.186,5000,9.5,0.0254,71.3,0.00420654
112.541,6300,5.3,0.2286,39.6,0.00614329
124.881,4000,3.3,0.1016,39.6,0.00245138
133.95600000000002,2500,0.0,0.0508,55.5,0.00076193
125.539,800,9.9,0.1524,31.7,0.0252785
140.158,500,12.3,0.1016,71.3,0.033779199999999995
124.10600000000001,2500,0.0,0.3048,55.5,0.00283081
130.089,250,7.3,0.2286,31.7,0.0132672
122.411,630,17.4,0.0254,55.5,0.016570599999999998
121.399,2500,0.0,0.3048,39.6,0.00310138
117.28399999999999,4000,7.3,0.2286,55.5,0.011170600000000001
120.766,400,17.4,0.0254,31.7,0.017663099999999998
118.385,2500,19.7,0.0508,71.3,0.034118300000000004
122.439,2500,3.0,0.3048,55.5,0.00452492
117.789,5000,0.0,0.3048,39.6,0.00310138
133.252,3150,9.5,0.0254,55.5,0.0043284
120.227,4000,2.0,0.2286,39.6,0.00346574
110.89399999999999,2000,15.6,0.1016,39.6,0.0528487
117.925,2000,9.9,0.1524,39.6,0.0233328
120.65700000000001,630,22.2,0.0254,71.3,0.0214178
127.07600000000001,1250,0.0,0.0508,55.5,0.00076193
122.539,1000,7.3,0.2286,39.6,0.0123481
119.708,20000,4.8,0.0254,71.3,0.000848633
134.996,4000,4.8,0.0254,39.6,0.000907475
121.65899999999999,2000,4.0,0.2286,39.6,0.00473801
123.583,630,0.0,0.1524,55.5,0.00172668
115.818,6300,7.3,0.2286,71.3,0.010440399999999999
128.082,800,9.5,0.0254,55.5,0.0043284
124.166,2500,17.4,0.0254,31.7,0.017663099999999998
126.395,250,4.0,0.3048,71.3,0.00497773
123.417,400,2.0,0.2286,31.7,0.00372371
130.114,2000,2.7,0.1524,71.3,0.00243851
127.318,800,12.3,0.1016,71.3,0.033779199999999995
116.815,6300,0.0,0.2286,31.7,0.0027238
123.87899999999999,400,4.0,0.2286,39.6,0.00473801
130.715,500,4.0,0.3048,71.3,0.00497773
104.13,5000,12.6,0.1524,39.6,0.058411300000000006
123.31200000000001,315,3.0,0.3048,39.6,0.00495741
130.349,630,4.0,0.2286,31.7,0.00509068
119.598,2500,3.0,0.3048,31.7,0.00529514
124.756,400,9.5,0.0254,31.7,0.00461377
119.135,5000,15.4,0.0508,71.3,0.0264269
116.181,4000,5.4,0.1524,31.7,0.00525474
127.488,250,7.2,0.1524,39.6,0.00909175
124.625,3150,0.0,0.2286,39.6,0.00253511
123.41,4000,0.0,0.2286,55.5,0.00229336
135.248,5000,4.8,0.0254,31.7,0.0009307889999999999
113.12899999999999,8000,4.0,0.2286,39.6,0.00473801
118.113,4000,15.4,0.0508,39.6,0.0282593
122.044,6300,0.0,0.2286,71.3,0.00214345
110.307,3150,12.3,0.1016,31.7,0.0418756
135.07,3150,0.0,0.0508,71.3,0.000740478
131.80700000000002,630,5.4,0.1524,55.5,0.00433288
123.988,12500,0.0,0.0508,39.6,0.000791822
119.319,250,0.0,0.3048,39.6,0.00310138
120.575,1600,19.7,0.0508,71.3,0.034118300000000004
128.306,1250,17.4,0.0254,31.7,0.017663099999999998
122.96600000000001,500,8.4,0.0508,31.7,0.00580776
119.54,315,0.0,0.2286,55.5,0.00229336
123.061,4000,0.0,0.3048,71.3,0.00266337
106.26,3150,12.6,0.1524,39.6,0.058411300000000006
125.85700000000001,250,12.3,0.1016,31.7,0.0418756
134.273,1000,7.2,0.1524,71.3,0.00752039
109.25399999999999,3150,15.6,0.1016,39.6,0.0528487
129.964,630,4.0,0.2286,55.5,0.0042861999999999996
114.47399999999999,20000,0.0,0.2286,71.3,0.00214345
130.392,2500,3.3,0.1016,31.7,0.00251435
133.553,1600,0.0,0.1016,31.7,0.00150092
130.791,2500,3.3,0.1016,39.6,0.00245138
110.78,1600,12.6,0.1524,39.6,0.058411300000000006
130.30700000000002,800,2.0,0.2286,31.7,0.00372371
120.71600000000001,315,22.2,0.0254,39.6,0.022902799999999997
132.043,500,7.2,0.1524,71.3,0.00752039
130.46,1600,5.3,0.2286,71.3,0.0051942
135.953,800,6.7,0.1016,55.5,0.0052139
118.005,200,19.7,0.0508,71.3,0.034118300000000004
126.514,1600,3.0,0.3048,71.3,0.00425727
114.41799999999999,10000,12.7,0.0254,71.3,0.012180799999999999
125.555,800,15.4,0.0508,31.7,0.028985300000000002
133.42,200,8.9,0.1016,39.6,0.012459600000000001
130.086,2500,9.5,0.0254,31.7,0.00461377
114.714,250,17.4,0.0254,39.6,0.0172206
127.29899999999999,200,9.9,0.1524,31.7,0.0252785
129.869,1000,4.0,0.2286,31.7,0.00509068
122.435,1000,12.3,0.1016,39.6,0.0408268
124.39299999999999,5000,0.0,0.1016,31.7,0.00150092
129.116,12500,0.0,0.0254,39.6,0.00042846400000000004
131.06,2000,0.0,0.0508,71.3,0.000740478
121.93,10000,0.0,0.1016,55.5,0.00131983
123.227,800,22.2,0.0254,71.3,0.0214178
128.252,3150,3.3,0.1016,31.7,0.00251435
120.015,400,8.4,0.0508,39.6,0.00566229
129.691,315,5.3,0.2286,39.6,0.00614329
119.07,12500,0.0,0.0508,31.7,0.000812164
128.401,800,0.0,0.1016,39.6,0.00146332
125.809,630,2.7,0.1524,39.6,0.00294804
135.308,4000,0.0,0.0508,39.6,0.000791822
126.677,500,2.0,0.2286,31.7,0.00372371
130.567,1600,5.4,0.1524,55.5,0.00433288
128.49200000000002,800,2.0,0.2286,55.5,0.00313525
122.779,315,0.0,0.3048,39.6,0.00310138
112.16,1250,12.6,0.1524,39.6,0.058411300000000006
136.384,250,7.3,0.2286,55.5,0.011170600000000001
125.72399999999999,1250,7.3,0.2286,55.5,0.011170600000000001
129.667,1600,0.0,0.1524,71.3,0.0015988
113.00399999999999,3150,19.7,0.0508,39.6,0.036483999999999996
114.042,6300,3.0,0.3048,39.6,0.00495741
127.947,1250,0.0,0.0254,31.7,0.000439472
131.808,4000,12.7,0.0254,71.3,0.012180799999999999
116.165,6300,4.0,0.3048,71.3,0.00497773
137.207,8000,0.0,0.0254,31.7,0.000439472
127.307,1000,0.0,0.1524,71.3,0.0015988
129.006,630,9.5,0.0254,31.7,0.00461377
138.523,500,8.9,0.1016,71.3,0.0103088
126.021,5000,0.0,0.1016,39.6,0.00146332
115.304,500,15.6,0.1016,39.6,0.0528487
123.177,6300,12.7,0.0254,39.6,0.013025299999999998
129.94899999999998,800,3.0,0.3048,55.5,0.00452492
129.415,315,12.3,0.1016,39.6,0.0408268
119.505,2000,9.9,0.1524,55.5,0.0208438
127.92,800,0.0,0.1016,55.5,0.00131983
121.146,5000,8.4,0.0508,71.3,0.00529514
119.039,1600,7.3,0.2286,31.7,0.0132672
129.27,1250,0.0,0.0508,31.7,0.000812164
120.53399999999999,8000,2.7,0.1524,71.3,0.00243851
123.689,2000,0.0,0.3048,39.6,0.00310138
128.127,2500,0.0,0.1524,71.3,0.0015988
129.292,630,3.0,0.3048,39.6,0.00495741
133.664,1600,3.3,0.1016,71.3,0.00202822
130.05,1250,11.2,0.0508,39.6,0.015047799999999998
139.438,400,7.3,0.2286,71.3,0.010440399999999999
126.413,630,0.0,0.1016,31.7,0.00150092
125.04799999999999,400,12.7,0.0254,71.3,0.012180799999999999
121.728,4000,4.0,0.2286,71.3,0.00400603
126.04899999999999,630,9.9,0.1524,31.7,0.0252785
132.30100000000002,2000,3.3,0.1016,39.6,0.00245138
124.10799999999999,3150,4.0,0.2286,71.3,0.00400603
125.26799999999999,8000,4.2,0.0508,71.3,0.00142788
122.89299999999999,250,15.4,0.0508,39.6,0.0282593
116.92399999999999,250,9.5,0.0254,39.6,0.00449821
120.569,8000,3.3,0.1016,55.5,0.002211
127.556,800,8.4,0.0508,71.3,0.00529514
135.866,8000,0.0,0.0254,39.6,0.00042846400000000004
131.364,1250,17.4,0.0254,39.6,0.0172206
117.054,2500,12.3,0.1016,55.5,0.0368233
126.195,500,0.0,0.2286,39.6,0.00253511
128.939,500,4.0,0.2286,31.7,0.00509068
132.05,1600,0.0,0.1016,55.5,0.00131983
124.36399999999999,5000,2.7,0.1524,71.3,0.00243851
126.74600000000001,2500,17.4,0.0254,71.3,0.016104
128.216,800,2.0,0.2286,71.3,0.00293031
123.354,1600,7.3,0.2286,55.5,0.011170600000000001
107.26700000000001,6300,12.3,0.1016,31.7,0.0418756
119.916,6300,17.4,0.0254,71.3,0.016104
120.324,630,19.7,0.0508,39.6,0.036483999999999996
125.581,1000,5.3,0.2286,39.6,0.00614329
125.57600000000001,2500,8.4,0.0508,31.7,0.00580776
117.604,1600,19.7,0.0508,39.6,0.036483999999999996
129.395,1250,4.0,0.3048,71.3,0.00497773
133.40200000000002,1600,3.3,0.1016,31.7,0.00251435
129.395,6300,0.0,0.1016,71.3,0.00121072
136.284,315,7.3,0.2286,55.5,0.011170600000000001
122.365,1600,0.0,0.3048,31.7,0.00331266
129.491,800,5.3,0.2286,39.6,0.00614329
125.824,4000,0.0,0.2286,71.3,0.00214345
129.02700000000002,2500,12.7,0.0254,39.6,0.013025299999999998
113.73299999999999,5000,4.0,0.3048,39.6,0.00579636
124.493,315,15.4,0.0508,39.6,0.0282593
124.024,2500,3.0,0.3048,71.3,0.00425727
112.209,3150,9.9,0.1524,31.7,0.0252785
130.67,400,11.2,0.0508,39.6,0.015047799999999998
107.147,5000,12.3,0.1016,31.7,0.0418756
132.796,6300,0.0,0.0508,55.5,0.00076193
124.40299999999999,630,0.0,0.1524,39.6,0.00193287
126.648,1250,12.3,0.1016,71.3,0.033779199999999995
123.514,200,15.6,0.1016,39.6,0.0528487
134.236,4000,9.5,0.0254,71.3,0.00420654
112.639,4000,7.3,0.2286,31.7,0.0132672
125.26100000000001,2000,17.4,0.0254,55.5,0.016570599999999998
131.234,2500,9.5,0.0254,39.6,0.00449821
121.256,2000,22.2,0.0254,39.6,0.022902799999999997
112.699,6300,4.0,0.2286,31.7,0.00509068
130.987,1000,0.0,0.1524,31.7,0.00209405
110.447,2000,12.3,0.1016,31.7,0.0418756
117.195,200,0.0,0.3048,31.7,0.00331266
120.446,2000,6.7,0.1016,31.7,0.00592927
123.865,400,19.7,0.0508,71.3,0.034118300000000004
134.15200000000002,2500,9.5,0.0254,55.5,0.0043284
129.33,630,15.4,0.0508,55.5,0.0271925
124.426,5000,9.5,0.0254,31.7,0.00461377
116.10799999999999,5000,12.3,0.1016,71.3,0.033779199999999995
126.926,4000,8.4,0.0508,71.3,0.00529514
115.14399999999999,315,17.4,0.0254,39.6,0.0172206
122.384,2500,4.0,0.2286,55.5,0.0042861999999999996
135.234,200,7.3,0.2286,55.5,0.011170600000000001
124.838,1250,3.0,0.3048,31.7,0.00529514
124.318,1600,4.2,0.0508,71.3,0.00142788
132.898,6300,4.8,0.0254,31.7,0.0009307889999999999
113.03399999999999,12500,2.7,0.1524,71.3,0.00243851
131.274,2000,9.5,0.0254,39.6,0.00449821
139.808,315,7.3,0.2286,71.3,0.010440399999999999
121.789,1600,9.9,0.1524,71.3,0.019300099999999997
117.624,12500,0.0,0.2286,71.3,0.00214345
133.72799999999998,3150,4.2,0.0508,71.3,0.00142788
126.736,4000,9.5,0.0254,31.7,0.00461377
127.53,800,0.0,0.2286,55.5,0.00229336
129.30100000000002,1250,17.4,0.0254,55.5,0.016570599999999998
121.762,4000,1.5,0.3048,71.3,0.00336729
127.465,2500,8.4,0.0508,39.6,0.00566229
114.404,4000,12.3,0.1016,55.5,0.0368233
124.336,800,0.0,0.0508,55.5,0.00076193
128.312,1000,3.0,0.3048,39.6,0.00495741
118.10600000000001,4000,8.4,0.0508,31.7,0.00580776
133.378,3150,4.8,0.0254,71.3,0.000848633
125.95100000000001,1250,0.0,0.3048,71.3,0.00266337
132.513,1250,7.2,0.1524,71.3,0.00752039
128.179,500,3.0,0.3048,55.5,0.00452492
123.274,400,4.0,0.2286,55.5,0.0042861999999999996
131.97799999999998,2500,4.2,0.0508,71.3,0.00142788
117.465,6300,0.0,0.2286,39.6,0.00253511
111.135,5000,9.9,0.1524,39.6,0.0233328
130.908,1600,0.0,0.0508,39.6,0.000791822
136.941,1000,11.2,0.0508,71.3,0.014072
122.79,800,0.0,0.0508,31.7,0.000812164
130.697,2000,0.0,0.0254,31.7,0.000439472
120.755,2500,0.0,0.3048,31.7,0.00331266
121.234,8000,3.3,0.1016,71.3,0.00202822
137.06799999999998,315,12.3,0.1016,71.3,0.033779199999999995
123.037,2000,2.0,0.2286,31.7,0.00372371
136.414,400,12.3,0.1016,55.5,0.0368233
106.88,2500,12.6,0.1524,39.6,0.058411300000000006
121.055,315,0.0,0.2286,39.6,0.00253511
126.59,8000,0.0,0.0508,31.7,0.000812164
119.15100000000001,2500,5.4,0.1524,31.7,0.00525474
110.652,8000,3.0,0.3048,39.6,0.00495741
117.287,6300,5.4,0.1524,55.5,0.00433288
138.55700000000002,4000,0.0,0.0254,71.3,0.00040068199999999997
123.74,2500,5.3,0.2286,71.3,0.0051942
126.086,1250,0.0,0.3048,55.5,0.00283081
125.802,1250,3.0,0.3048,39.6,0.00495741
115.309,2000,7.3,0.2286,31.7,0.0132672
130.30700000000002,1000,2.0,0.2286,31.7,0.00372371
128.576,1600,0.0,0.0508,55.5,0.00076193
113.29799999999999,4000,15.6,0.1016,71.3,0.0437259
127.73,6300,0.0,0.1016,55.5,0.00131983
125.721,1250,5.3,0.2286,39.6,0.00614329
118.05,5000,5.3,0.2286,71.3,0.0051942
121.238,10000,4.2,0.0508,71.3,0.00142788
128.416,1000,22.2,0.0254,39.6,0.022902799999999997
126.35600000000001,1250,17.4,0.0254,71.3,0.016104
133.042,2000,8.4,0.0508,55.5,0.00544854
119.698,250,12.7,0.0254,71.3,0.012180799999999999
121.431,4000,5.4,0.1524,71.3,0.00401199
130.828,2500,4.8,0.0254,71.3,0.000848633
118.619,1250,9.9,0.1524,31.7,0.0252785
123.069,2000,3.0,0.3048,55.5,0.00452492
126.189,630,7.3,0.2286,31.7,0.0132672
120.243,4000,8.9,0.1016,71.3,0.0103088
127.59100000000001,2500,5.4,0.1524,71.3,0.00401199
114.984,16000,0.0,0.2286,71.3,0.00214345
133.174,500,7.3,0.2286,55.5,0.011170600000000001
129.35399999999998,630,3.0,0.3048,71.3,0.00425727
131.96,500,11.2,0.0508,39.6,0.015047799999999998
121.885,1000,19.7,0.0508,71.3,0.034118300000000004
132.89700000000002,2500,0.0,0.0254,31.7,0.000439472
116.411,6300,5.4,0.1524,71.3,0.00401199
132.611,2500,0.0,0.1016,39.6,0.00146332
133.241,1600,5.4,0.1524,71.3,0.00401199
122.708,2000,7.3,0.2286,71.3,0.010440399999999999
124.12100000000001,400,5.4,0.1524,71.3,0.00401199
133.276,3150,0.0,0.0254,39.6,0.00042846400000000004
126.959,500,0.0,0.3048,39.6,0.00310138
127.696,630,0.0,0.3048,55.5,0.00283081
135.674,315,12.3,0.1016,55.5,0.0368233
129.45,1000,0.0,0.0508,71.3,0.000740478
104.204,6300,15.6,0.1016,39.6,0.0528487
136.023,800,7.2,0.1524,71.3,0.00752039
122.34100000000001,8000,0.0,0.1016,39.6,0.00146332
127.315,500,0.0,0.3048,31.7,0.00331266
111.459,4000,9.9,0.1524,31.7,0.0252785
133.261,1600,0.0,0.1016,39.6,0.00146332
107.405,12500,4.0,0.3048,71.3,0.00497773
122.845,315,15.4,0.0508,31.7,0.028985300000000002
126.066,10000,4.8,0.0254,39.6,0.000907475
113.333,8000,7.2,0.1524,71.3,0.00752039
124.514,630,17.4,0.0254,39.6,0.0172206
134.476,2000,8.4,0.0508,71.3,0.00529514
110.555,6300,9.9,0.1524,55.5,0.0208438
129.8,1000,0.0,0.1016,55.5,0.00131983
125.20299999999999,5000,0.0,0.1524,55.5,0.00172668
132.127,1000,5.4,0.1524,55.5,0.00433288
126.5,400,15.4,0.0508,55.5,0.0271925
110.905,10000,4.0,0.3048,71.3,0.00497773
120.193,8000,0.0,0.1016,31.7,0.00150092
132.588,2500,4.8,0.0254,31.7,0.0009307889999999999
123.118,315,3.0,0.3048,31.7,0.00529514
115.413,10000,0.0,0.1524,39.6,0.00193287
115.85700000000001,315,22.2,0.0254,71.3,0.0214178
119.646,4000,22.2,0.0254,39.6,0.022902799999999997
125.992,1000,1.5,0.3048,71.3,0.00336729
126.465,630,9.9,0.1524,39.6,0.0233328
127.834,3150,0.0,0.2286,71.3,0.00214345
126.96600000000001,1000,0.0,0.3048,55.5,0.00283081
117.478,2500,7.2,0.1524,39.6,0.00909175
127.443,630,15.4,0.0508,39.6,0.0282593
119.73700000000001,4000,5.4,0.1524,55.5,0.00433288
127.01100000000001,250,5.3,0.2286,39.6,0.00614329
119.22399999999999,1000,15.6,0.1016,39.6,0.0528487
132.595,2500,0.0,0.1016,71.3,0.00121072
127.686,2000,8.4,0.0508,31.7,0.00580776
130.72299999999998,800,4.0,0.3048,39.6,0.00579636
131.656,1250,9.5,0.0254,71.3,0.00420654
125.625,1600,0.0,0.2286,31.7,0.0027238
119.34299999999999,4000,7.2,0.1524,71.3,0.00752039
127.315,200,9.9,0.1524,39.6,0.0233328
127.7,400,5.3,0.2286,71.3,0.0051942
114.67,1000,12.6,0.1524,39.6,0.058411300000000006
124.61200000000001,2000,2.0,0.2286,55.5,0.00313525
119.777,1000,12.3,0.1016,31.7,0.0418756
130.688,800,4.0,0.2286,71.3,0.00400603
120.53200000000001,2000,3.0,0.3048,39.6,0.00495741
128.825,1000,0.0,0.1016,71.3,0.00121072
120.154,1250,12.6,0.1524,71.3,0.0483159
123.26299999999999,3150,8.9,0.1016,71.3,0.0103088
126.21799999999999,2000,4.0,0.2286,71.3,0.00400603
136.826,6300,0.0,0.0254,39.6,0.00042846400000000004
122.471,4000,11.2,0.0508,71.3,0.014072
113.10799999999999,10000,4.0,0.2286,71.3,0.00400603
130.183,1600,0.0,0.1524,55.5,0.00172668
126.45700000000001,5000,0.0,0.1524,71.3,0.0015988
124.304,5000,0.0,0.2286,71.3,0.00214345
129.97299999999998,3150,0.0,0.1016,31.7,0.00150092
130.817,1600,0.0,0.1524,31.7,0.00209405
129.099,800,0.0,0.3048,39.6,0.00310138
106.111,12500,1.5,0.3048,39.6,0.00392107
126.88600000000001,500,9.5,0.0254,31.7,0.00461377
117.134,3150,7.3,0.2286,55.5,0.011170600000000001
124.154,2500,17.4,0.0254,39.6,0.0172206
131.013,1600,0.0,0.1524,39.6,0.00193287
106.22399999999999,5000,15.6,0.1016,39.6,0.0528487
133.894,2500,3.3,0.1016,71.3,0.00202822
118.76700000000001,1250,12.3,0.1016,31.7,0.0418756
125.571,2500,0.0,0.3048,71.3,0.00266337
132.252,1250,8.4,0.0508,55.5,0.00544854
126.84299999999999,315,4.0,0.3048,39.6,0.00579636
125.12700000000001,1000,0.0,0.0254,31.7,0.000439472
128.335,250,9.9,0.1524,39.6,0.0233328
133.048,1250,12.7,0.0254,71.3,0.012180799999999999
120.162,2500,3.0,0.3048,39.6,0.00495741
128.296,400,6.7,0.1016,31.7,0.00592927
121.47399999999999,1600,4.8,0.0254,55.5,0.000873218
110.36399999999999,16000,2.7,0.1524,71.3,0.00243851
124.64399999999999,250,15.6,0.1016,39.6,0.0528487
120.264,4000,3.0,0.3048,71.3,0.00425727
112.065,5000,9.9,0.1524,55.5,0.0208438
124.338,2500,4.0,0.2286,71.3,0.00400603
122.288,630,15.6,0.1016,71.3,0.0437259
116.229,6300,0.0,0.3048,39.6,0.00310138
130.469,800,4.0,0.2286,39.6,0.00473801
104.5,4000,12.6,0.1524,39.6,0.058411300000000006
133.768,630,7.3,0.2286,71.3,0.010440399999999999
126.64200000000001,2000,1.5,0.3048,71.3,0.00336729
125.81700000000001,800,0.0,0.1524,71.3,0.0015988
133.376,10000,0.0,0.0254,39.6,0.00042846400000000004
136.75799999999998,1000,6.7,0.1016,71.3,0.00478288
122.211,1600,1.5,0.3048,39.6,0.00392107
128.629,630,0.0,0.3048,39.6,0.00310138
119.854,5000,17.4,0.0254,39.6,0.0172206
129.308,6300,4.2,0.0508,71.3,0.00142788
126.486,500,2.0,0.2286,71.3,0.00293031
128.435,800,8.4,0.0508,39.6,0.00566229
127.375,1600,6.7,0.1016,39.6,0.00578076
118.12899999999999,200,0.0,0.3048,39.6,0.00310138
128.536,3150,9.5,0.0254,31.7,0.00461377
128.97799999999998,5000,12.7,0.0254,71.3,0.012180799999999999
126.995,500,19.7,0.0508,71.3,0.034118300000000004
117.38600000000001,250,22.2,0.0254,39.6,0.022902799999999997
117.32799999999999,12500,4.2,0.0508,71.3,0.00142788
134.533,250,8.9,0.1016,71.3,0.0103088
111.959,5000,7.3,0.2286,39.6,0.0123481
125.89,2000,5.3,0.2286,71.3,0.0051942
126.149,400,4.0,0.2286,31.7,0.00509068
120.07600000000001,400,8.4,0.0508,31.7,0.00580776
119.375,12500,0.0,0.1016,71.3,0.00121072
115.91,400,12.6,0.1524,39.6,0.058411300000000006
138.423,630,8.9,0.1016,71.3,0.0103088
122.147,400,2.0,0.2286,39.6,0.00346574
127.179,500,9.9,0.1524,31.7,0.0252785
103.38,6300,12.6,0.1524,39.6,0.058411300000000006
113.796,250,17.4,0.0254,71.3,0.016104
118.82700000000001,5000,2.0,0.2286,39.6,0.00346574
130.496,2000,9.5,0.0254,31.7,0.00461377
124.43799999999999,1000,15.6,0.1016,71.3,0.0437259
121.10600000000001,4000,0.0,0.3048,55.5,0.00283081
125.02600000000001,1250,4.8,0.0254,39.6,0.000907475
123.12700000000001,6300,22.2,0.0254,71.3,0.0214178
131.642,2000,3.3,0.1016,31.7,0.00251435
118.441,3150,5.3,0.2286,39.6,0.00614329
125.728,1600,7.3,0.2286,71.3,0.010440399999999999
134.336,6300,4.8,0.0254,39.6,0.000907475
128.83100000000002,800,1.5,0.3048,39.6,0.00392107
123.39200000000001,3150,1.5,0.3048,71.3,0.00336729
137.233,1000,6.7,0.1016,55.5,0.0052139
133.01,2000,0.0,0.0508,31.7,0.000812164
132.039,400,7.3,0.2286,39.6,0.0123481
123.89399999999999,500,9.5,0.0254,39.6,0.00449821
114.927,8000,5.4,0.1524,55.5,0.00433288
120.324,6300,9.5,0.0254,39.6,0.00449821
126.846,1600,17.4,0.0254,31.7,0.017663099999999998
118.667,500,12.3,0.1016,31.7,0.0418756
131.615,630,4.0,0.3048,71.3,0.00497773
121.059,1600,7.3,0.2286,39.6,0.0123481
118.689,4000,3.0,0.3048,55.5,0.00452492
126.616,2000,0.0,0.3048,55.5,0.00283081
132.58700000000002,2000,4.2,0.0508,39.6,0.00152689
119.632,5000,1.5,0.3048,71.3,0.00336729
114.554,1600,15.6,0.1016,39.6,0.0528487
124.27600000000001,800,17.4,0.0254,71.3,0.016104
125.39,315,15.4,0.0508,55.5,0.0271925
124.25399999999999,2000,4.0,0.2286,55.5,0.0042861999999999996
113.11,6300,8.9,0.1016,39.6,0.012459600000000001
117.96700000000001,500,22.2,0.0254,71.3,0.0214178
123.126,5000,17.4,0.0254,71.3,0.016104
132.003,2500,0.0,0.1016,31.7,0.00150092
122.044,1000,12.6,0.1524,71.3,0.0483159
125.524,2000,3.0,0.3048,71.3,0.00425727
130.332,1000,9.5,0.0254,55.5,0.0043284
120.60700000000001,8000,12.7,0.0254,39.6,0.013025299999999998
115.079,4000,9.9,0.1524,71.3,0.019300099999999997
128.718,1600,4.8,0.0254,31.7,0.0009307889999999999
131.636,1000,6.7,0.1016,31.7,0.00592927
124.39399999999999,16000,4.8,0.0254,55.5,0.000873218
128.704,4000,3.3,0.1016,71.3,0.00202822
135.079,400,9.9,0.1524,71.3,0.019300099999999997
129.004,1000,3.0,0.3048,71.3,0.00425727
126.17,630,0.0,0.1016,55.5,0.00131983
132.889,2500,3.3,0.1016,55.5,0.002211
113.07600000000001,10000,0.0,0.3048,55.5,0.00283081
134.938,2500,0.0,0.0508,39.6,0.000791822
120.137,315,2.0,0.2286,39.6,0.00346574
116.12799999999999,500,4.8,0.0254,31.7,0.0009307889999999999
138.274,1000,17.4,0.0254,39.6,0.0172206
125.715,3150,15.4,0.0508,71.3,0.0264269
134.02200000000002,1250,3.3,0.1016,31.7,0.00251435
129.776,500,22.2,0.0254,39.6,0.022902799999999997
124.18799999999999,800,15.6,0.1016,71.3,0.0437259
127.095,1600,0.0,0.2286,39.6,0.00253511
115.679,6300,3.0,0.3048,55.5,0.00452492
115.137,6300,2.0,0.2286,31.7,0.00372371
119.561,10000,0.0,0.1016,39.6,0.00146332
123.76100000000001,1600,5.4,0.1524,31.7,0.00525474
121.527,3150,2.0,0.2286,31.7,0.00372371
131.434,1000,3.3,0.1016,71.3,0.00202822
129.281,400,11.2,0.0508,71.3,0.014072
113.045,4000,19.7,0.0508,71.3,0.034118300000000004
125.99799999999999,10000,0.0,0.0508,39.6,0.000791822
126.345,800,9.9,0.1524,39.6,0.0233328
119.875,1600,9.9,0.1524,55.5,0.0208438
108.625,5000,12.3,0.1016,39.6,0.0408268
127.054,5000,3.3,0.1016,71.3,0.00202822
130.898,200,15.6,0.1016,71.3,0.0437259
112.93,6300,15.4,0.0508,55.5,0.0271925
116.241,5000,1.5,0.3048,39.6,0.00392107
122.816,5000,2.0,0.2286,71.3,0.00293031
119.208,4000,7.3,0.2286,71.3,0.010440399999999999
122.765,315,0.0,0.3048,31.7,0.00331266
130.0,1250,15.4,0.0508,55.5,0.0271925
130.07299999999998,2500,0.0,0.0254,55.5,0.00041229
134.528,1600,12.7,0.0254,71.3,0.012180799999999999
132.158,250,15.6,0.1016,71.3,0.0437259
136.031,800,11.2,0.0508,71.3,0.014072
126.406,1600,17.4,0.0254,71.3,0.016104
122.919,3150,2.7,0.1524,39.6,0.00294804
130.269,400,7.3,0.2286,31.7,0.0132672
111.029,5000,7.3,0.2286,31.7,0.0132672
125.71700000000001,6300,4.2,0.0508,39.6,0.00152689
133.29399999999998,250,12.3,0.1016,55.5,0.0368233
127.008,8000,4.8,0.0254,31.7,0.0009307889999999999
135.468,5000,4.8,0.0254,71.3,0.000848633
131.281,800,5.4,0.1524,71.3,0.00401199
128.679,200,7.3,0.2286,31.7,0.0132672
132.357,630,5.4,0.1524,39.6,0.00485029
113.775,6300,0.0,0.3048,31.7,0.00331266
128.64700000000002,2000,0.0,0.1524,71.3,0.0015988
120.79799999999999,3150,12.3,0.1016,71.3,0.033779199999999995
128.295,400,6.7,0.1016,39.6,0.00578076
123.86200000000001,2500,2.0,0.2286,55.5,0.00313525
136.536,5000,0.0,0.0254,39.6,0.00042846400000000004
119.62100000000001,500,17.4,0.0254,55.5,0.016570599999999998
130.205,800,0.0,0.2286,39.6,0.00253511
126.675,500,0.0,0.2286,31.7,0.0027238
114.079,4000,7.3,0.2286,39.6,0.0123481
125.867,2500,0.0,0.1524,31.7,0.00209405
136.83700000000002,5000,0.0,0.0254,71.3,0.00040068199999999997
128.952,630,3.3,0.1016,31.7,0.00251435
136.166,3150,9.5,0.0254,71.3,0.00420654
123.705,400,15.4,0.0508,31.7,0.028985300000000002
127.094,400,12.6,0.1524,71.3,0.0483159
126.84200000000001,630,2.0,0.2286,55.5,0.00313525
128.423,800,15.4,0.0508,39.6,0.0282593
127.63799999999999,1000,0.0,0.0508,39.6,0.000791822
119.146,200,9.5,0.0254,31.7,0.00461377
129.36700000000002,500,5.4,0.1524,55.5,0.00433288
131.78,3150,0.0,0.1016,55.5,0.00131983
128.99,315,11.2,0.0508,39.6,0.015047799999999998
118.26700000000001,5000,2.0,0.2286,31.7,0.00372371
126.514,630,9.5,0.0254,39.6,0.00449821
129.377,3150,0.0,0.1524,71.3,0.0015988
127.22,500,15.4,0.0508,55.5,0.0271925
128.857,4000,0.0,0.1524,71.3,0.0015988
129.11700000000002,800,0.0,0.1524,31.7,0.00209405
133.207,12500,0.0,0.0254,71.3,0.00040068199999999997
119.137,3150,5.4,0.1524,39.6,0.00485029
122.21799999999999,2000,12.3,0.1016,71.3,0.033779199999999995
116.417,6300,2.0,0.2286,39.6,0.00346574
117.649,5000,4.0,0.2286,39.6,0.00473801
132.828,5000,4.2,0.0508,71.3,0.00142788
133.063,1250,0.0,0.1016,31.7,0.00150092
121.851,315,1.5,0.3048,39.6,0.00392107
112.506,200,17.4,0.0254,71.3,0.016104
125.15700000000001,500,2.0,0.2286,39.6,0.00346574
127.404,630,2.7,0.1524,71.3,0.00243851
136.583,315,8.9,0.1016,71.3,0.0103088
127.251,630,3.3,0.1016,39.6,0.00245138
133.79,800,11.2,0.0508,39.6,0.015047799999999998
118.045,3150,15.4,0.0508,31.7,0.028985300000000002
134.43,4000,0.0,0.0508,71.3,0.000740478
130.34,6300,0.0,0.0508,31.7,0.000812164
127.35799999999999,1250,7.3,0.2286,71.3,0.010440399999999999
135.459,315,9.9,0.1524,71.3,0.019300099999999997
128.40200000000002,3150,8.4,0.0508,55.5,0.00544854
122.956,1000,4.8,0.0254,39.6,0.000907475
131.31,2500,0.0,0.0508,71.3,0.000740478
114.9,8000,5.3,0.2286,71.3,0.0051942
139.428,400,12.3,0.1016,71.3,0.033779199999999995
124.23299999999999,2000,8.9,0.1016,71.3,0.0103088
121.66,400,0.0,0.2286,55.5,0.00229336
130.033,1000,0.0,0.1524,39.6,0.00193287
130.311,500,11.2,0.0508,71.3,0.014072
108.03399999999999,5000,12.6,0.1524,71.3,0.0483159
124.439,1600,3.0,0.3048,55.5,0.00452492
127.206,800,9.5,0.0254,71.3,0.00420654
130.934,630,7.3,0.2286,55.5,0.011170600000000001
119.945,2500,15.4,0.0508,31.7,0.028985300000000002
138.123,400,8.9,0.1016,71.3,0.0103088
116.46799999999999,3150,15.6,0.1016,71.3,0.0437259
131.453,12500,0.0,0.0254,55.5,0.00041229
117.119,1600,9.9,0.1524,31.7,0.0252785
132.35399999999998,3150,4.8,0.0254,55.5,0.000873218
134.058,400,15.6,0.1016,71.3,0.0437259
128.381,315,11.2,0.0508,71.3,0.014072
116.02,315,12.6,0.1524,39.6,0.058411300000000006
115.311,5000,5.3,0.2286,39.6,0.00614329
128.398,2000,4.8,0.0254,71.3,0.000848633
128.713,315,7.2,0.1524,71.3,0.00752039
129.494,800,3.0,0.3048,71.3,0.00425727
110.22399999999999,10000,3.0,0.3048,71.3,0.00425727
130.197,1600,4.2,0.0508,39.6,0.00152689
131.918,6300,0.0,0.0508,39.6,0.000791822
117.432,8000,3.3,0.1016,31.7,0.00251435
120.088,2000,3.0,0.3048,31.7,0.00529514
107.28399999999999,6300,12.6,0.1524,71.3,0.0483159
125.62700000000001,16000,0.0,0.0254,31.7,0.000439472
135.433,1000,8.9,0.1016,71.3,0.0103088
130.845,1250,15.4,0.0508,71.3,0.0264269
127.801,4000,0.0,0.1016,39.6,0.00146332
123.416,400,22.2,0.0254,39.6,0.022902799999999997
119.15899999999999,4000,4.0,0.2286,39.6,0.00473801
124.986,16000,0.0,0.0254,39.6,0.00042846400000000004
119.115,250,19.7,0.0508,71.3,0.034118300000000004
122.37100000000001,5000,3.3,0.1016,39.6,0.00245138
138.607,5000,0.0,0.0254,31.7,0.000439472
130.77700000000002,1250,5.4,0.1524,55.5,0.00433288
118.712,6300,2.0,0.2286,55.5,0.00313525
126.565,800,9.9,0.1524,55.5,0.0208438
110.124,6300,12.3,0.1016,55.5,0.0368233
129.86700000000002,8000,0.0,0.0254,71.3,0.00040068199999999997
120.555,1250,9.9,0.1524,39.6,0.0233328
115.461,400,17.4,0.0254,55.5,0.016570599999999998
114.085,2000,12.3,0.1016,39.6,0.0408268
122.175,5000,0.0,0.2286,39.6,0.00253511
133.707,2500,0.0,0.0254,71.3,0.00040068199999999997
116.146,200,17.4,0.0254,31.7,0.017663099999999998
126.43,250,11.2,0.0508,39.6,0.015047799999999998
127.899,1000,0.0,0.3048,39.6,0.00310138
112.355,5000,15.4,0.0508,31.7,0.028985300000000002
118.99799999999999,2500,15.6,0.1016,71.3,0.0437259
119.60600000000001,5000,0.0,0.3048,55.5,0.00283081
123.565,400,0.0,0.2286,39.6,0.00253511
115.846,315,17.4,0.0254,71.3,0.016104
130.935,4000,0.0,0.1016,71.3,0.00121072
129.468,1600,4.0,0.2286,71.3,0.00400603
130.173,500,4.0,0.3048,39.6,0.00579636
135.346,4000,0.0,0.0254,39.6,0.00042846400000000004
122.088,1600,3.0,0.3048,31.7,0.00529514
131.471,630,5.4,0.1524,31.7,0.00525474
133.756,1600,9.5,0.0254,71.3,0.00420654
118.859,4000,4.0,0.2286,31.7,0.00509068
133.012,1000,3.3,0.1016,31.7,0.00251435
127.59100000000001,1600,0.0,0.3048,71.3,0.00266337
119.25299999999999,10000,0.0,0.1524,55.5,0.00172668
120.03399999999999,5000,4.0,0.2286,55.5,0.0042861999999999996
119.806,500,17.4,0.0254,71.3,0.016104
127.417,630,2.0,0.2286,39.6,0.00346574
111.07600000000001,12500,0.0,0.3048,55.5,0.00283081
118.134,5000,3.0,0.3048,71.3,0.00425727
136.798,500,7.3,0.2286,71.3,0.010440399999999999
109.95100000000001,200,17.4,0.0254,55.5,0.016570599999999998
130.725,800,0.0,0.2286,31.7,0.0027238
128.139,2000,2.7,0.1524,39.6,0.00294804
120.228,2000,7.2,0.1524,39.6,0.00909175
128.175,315,4.0,0.3048,71.3,0.00497773
128.444,800,7.3,0.2286,55.5,0.011170600000000001
134.56799999999998,2000,6.7,0.1016,71.3,0.00478288
131.796,1000,17.4,0.0254,31.7,0.017663099999999998
126.09700000000001,2500,22.2,0.0254,71.3,0.0214178
121.165,1250,12.3,0.1016,39.6,0.0408268
121.235,315,19.7,0.0508,71.3,0.034118300000000004
124.647,2000,5.4,0.1524,39.6,0.00485029
124.71700000000001,315,12.3,0.1016,31.7,0.0418756
116.134,6300,3.0,0.3048,71.3,0.00425727
123.20700000000001,400,12.3,0.1016,31.7,0.0418756
120.24700000000001,10000,0.0,0.1524,71.3,0.0015988
130.955,500,6.7,0.1016,39.6,0.00578076
134.11,4000,0.0,0.0508,31.7,0.000812164
113.055,3150,12.3,0.1016,39.6,0.0408268
116.56,800,12.6,0.1524,39.6,0.058411300000000006
119.35,3150,8.9,0.1016,39.6,0.012459600000000001
123.45299999999999,5000,0.0,0.1524,39.6,0.00193287
119.229,4000,0.0,0.3048,39.6,0.00310138
121.65700000000001,8000,22.2,0.0254,71.3,0.0214178
128.241,1000,5.4,0.1524,31.7,0.00525474
130.195,1000,8.4,0.0508,39.6,0.00566229
119.51299999999999,500,0.0,0.1524,39.6,0.00193287
131.362,800,3.3,0.1016,31.7,0.00251435
129.965,2000,8.4,0.0508,39.6,0.00566229
113.665,8000,4.0,0.3048,71.3,0.00497773
129.5,4000,0.0,0.1016,55.5,0.00131983
127.101,250,11.2,0.0508,71.3,0.014072
129.77700000000002,5000,4.2,0.0508,39.6,0.00152689
127.22399999999999,250,19.7,0.0508,39.6,0.036483999999999996
130.96,800,0.0,0.0508,71.3,0.000740478
131.43,1250,0.0,0.1016,55.5,0.00131983
125.499,1250,0.0,0.3048,39.6,0.00310138
116.184,2500,19.7,0.0508,39.6,0.036483999999999996
131.467,1250,0.0,0.1524,31.7,0.00209405
113.315,2500,12.3,0.1016,39.6,0.0408268
118.595,250,0.0,0.3048,31.7,0.00331266
110.31700000000001,2500,12.3,0.1016,31.7,0.0418756
111.818,3150,7.2,0.1524,39.6,0.00909175
123.304,630,12.6,0.1524,71.3,0.0483159
114.569,5000,9.9,0.1524,71.3,0.019300099999999997
124.84299999999999,1600,15.4,0.0508,39.6,0.0282593
116.694,10000,3.3,0.1016,71.3,0.00202822
138.75799999999998,200,7.3,0.2286,71.3,0.010440399999999999
129.953,1250,0.0,0.1524,55.5,0.00172668
123.445,2500,0.0,0.2286,31.7,0.0027238
134.226,2500,8.4,0.0508,71.3,0.00529514
129.148,1250,0.0,0.0508,39.6,0.000791822
108.689,6300,9.9,0.1524,31.7,0.0252785
129.653,2000,6.7,0.1016,55.5,0.0052139
131.205,1250,8.4,0.0508,39.6,0.00566229
132.149,315,7.3,0.2286,39.6,0.0123481
131.221,400,5.3,0.2286,39.6,0.00614329
129.88,500,5.3,0.2286,71.3,0.0051942
123.443,2000,15.4,0.0508,39.6,0.0282593
125.96600000000001,1600,4.8,0.0254,39.6,0.000907475
128.42700000000002,1250,4.2,0.0508,39.6,0.00152689
121.009,500,2.7,0.1524,39.6,0.00294804
127.68799999999999,12500,4.8,0.0254,71.3,0.000848633
123.595,200,15.4,0.0508,71.3,0.0264269
119.135,3150,0.0,0.3048,31.7,0.00331266
116.559,2500,7.3,0.2286,39.6,0.0123481
116.366,500,4.8,0.0254,39.6,0.000907475
127.12200000000001,800,1.5,0.3048,71.3,0.00336729
130.781,1000,0.0,0.1016,39.6,0.00146332
124.45,8000,0.0,0.1016,55.5,0.00131983
121.306,2500,22.2,0.0254,39.6,0.022902799999999997
133.201,1000,5.4,0.1524,71.3,0.00401199
118.09100000000001,8000,3.3,0.1016,39.6,0.00245138
119.73700000000001,6300,0.0,0.1524,31.7,0.00209405
135.368,630,12.3,0.1016,71.3,0.033779199999999995
129.567,2000,12.7,0.0254,39.6,0.013025299999999998
109.52,2000,12.6,0.1524,39.6,0.058411300000000006
120.573,500,0.0,0.1524,55.5,0.00172668
124.214,1250,12.3,0.1016,55.5,0.0368233
130.148,2000,4.8,0.0254,31.7,0.0009307889999999999
123.839,6300,3.3,0.1016,55.5,0.002211
135.484,5000,4.8,0.0254,55.5,0.000873218
125.63,2500,15.4,0.0508,55.5,0.0271925
134.515,1000,6.7,0.1016,39.6,0.00578076
128.365,630,19.7,0.0508,71.3,0.034118300000000004
130.026,2000,0.0,0.0254,39.6,0.00042846400000000004
133.611,630,11.2,0.0508,71.3,0.014072
127.23299999999999,4000,0.0,0.1524,55.5,0.00172668
124.525,1000,15.4,0.0508,31.7,0.028985300000000002
129.645,630,15.4,0.0508,71.3,0.0264269
129.937,500,5.4,0.1524,39.6,0.00485029
114.779,8000,0.0,0.3048,39.6,0.00310138
135.164,6300,4.8,0.0254,55.5,0.000873218
129.969,1000,4.0,0.2286,39.6,0.00473801
113.334,3150,12.6,0.1524,71.3,0.0483159
117.309,5000,3.0,0.3048,55.5,0.00452492
128.67700000000002,1250,2.0,0.2286,31.7,0.00372371
114.75,200,12.6,0.1524,39.6,0.058411300000000006
126.53399999999999,4000,2.7,0.1524,71.3,0.00243851
124.42,2000,11.2,0.0508,39.6,0.015047799999999998
130.748,800,7.3,0.2286,71.3,0.010440399999999999
124.22200000000001,6300,9.5,0.0254,55.5,0.0043284
128.412,5000,9.5,0.0254,55.5,0.0043284
118.214,1250,15.6,0.1016,39.6,0.0528487
133.22299999999998,4000,0.0,0.0254,55.5,0.00041229
120.354,2000,7.3,0.2286,55.5,0.011170600000000001
130.335,1250,0.0,0.1016,71.3,0.00121072
122.292,400,2.0,0.2286,55.5,0.00313525
124.931,2500,17.4,0.0254,55.5,0.016570599999999998
123.564,3150,17.4,0.0254,39.6,0.0172206
113.08,5000,8.9,0.1016,39.6,0.012459600000000001
131.864,800,4.0,0.2286,55.5,0.0042861999999999996
134.47799999999998,800,6.7,0.1016,71.3,0.00478288
115.99600000000001,8000,2.0,0.2286,71.3,0.00293031
130.239,315,7.3,0.2286,31.7,0.0132672
127.35600000000001,630,2.0,0.2286,71.3,0.00293031
126.898,500,12.7,0.0254,71.3,0.012180799999999999
124.852,4000,3.3,0.1016,31.7,0.00251435
118.134,10000,0.0,0.2286,71.3,0.00214345
132.095,2000,0.0,0.1016,71.3,0.00121072
121.154,400,9.5,0.0254,39.6,0.00449821
123.54299999999999,250,4.0,0.3048,39.6,0.00579636
125.586,4000,17.4,0.0254,71.3,0.016104
122.086,3150,8.4,0.0508,31.7,0.00580776
126.807,400,5.4,0.1524,55.5,0.00433288
110.839,6300,7.3,0.2286,39.6,0.0123481
121.93299999999999,20000,0.0,0.0254,55.5,0.00041229
120.23299999999999,2500,4.0,0.3048,39.6,0.00579636
117.95700000000001,8000,0.0,0.1524,31.7,0.00209405
126.471,1600,17.4,0.0254,55.5,0.016570599999999998
124.35600000000001,2000,17.4,0.0254,31.7,0.017663099999999998
120.419,3150,4.0,0.2286,39.6,0.00473801
129.285,2000,15.4,0.0508,71.3,0.0264269
130.722,1000,8.4,0.0508,55.5,0.00544854
126.82600000000001,2000,17.4,0.0254,71.3,0.016104
119.209,6300,2.7,0.1524,39.6,0.00294804
123.835,1000,9.9,0.1524,39.6,0.0233328
124.244,630,12.3,0.1016,55.5,0.0368233
125.465,8000,0.0,0.1016,71.3,0.00121072
122.905,500,8.4,0.0508,39.6,0.00566229
130.123,400,7.2,0.1524,71.3,0.00752039
135.32399999999998,800,17.4,0.0254,39.6,0.0172206
129.569,630,3.0,0.3048,55.5,0.00452492
