output,X1,X2,X3,X4,X5,beta,offset
116.859,2000,9.9,0.1524,31.7,0.0252785,-1.0,
119.541,6300,0.0,0.3048,71.3,0.00266337,-1.0,
123.311,3150,5.4,0.1524,71.3,0.00401199,-1.0,
130.43,800,15.4,0.0508,55.5,0.0271925,1.0,
121.499,5000,2.7,0.1524,39.6,0.00294804,-1.0,
122.235,2000,6.7,0.1016,39.6,0.00578076,-1.0,
130.558,315,7.2,0.1524,39.6,0.00909175,1.0,
129.267,1600,0.0,0.0254,31.7,0.000439472,1.0,
117.154,6300,4.0,0.2286,55.5,0.0042862,-1.0,
120.851,6300,3.3,0.1016,39.6,0.00245138,-1.0,
120.055,2000,19.7,0.0508,71.3,0.034118300000000004,-1.0,
120.538,8000,12.7,0.0254,71.3,0.0121808,-1.0,
134.85299999999998,630,7.2,0.1524,71.3,0.00752039,1.0,
128.16899999999998,500,7.3,0.2286,31.7,0.0132672,1.0,
121.514,3150,3.0,0.3048,71.3,0.00425727,-1.0,
118.955,4000,8.4,0.0508,39.6,0.00566229,-1.0,
115.234,2500,12.6,0.1524,71.3,0.0483159,-1.0,
117.741,4000,1.5,0.3048,39.6,0.00392107,-1.0,
137.047,4000,0.0,0.0254,31.7,0.000439472,1.0,
130.503,3150,0.0,0.0254,55.5,0.00041229,1.0,
133.04,2500,0.0,0.1016,55.5,0.00131983,1.0,
128.35399999999998,200,12.6,0.1524,71.3,0.0483159,1.0,
124.156,1600,0.0,0.0254,39.6,0.000428464,-1.0,
131.458,2500,6.7,0.1016,71.3,0.00478288,1.0,
128.762,1250,2.0,0.2286,55.5,0.00313525,1.0,
112.945,4000,9.9,0.1524,55.5,0.0208438,-1.0,
126.835,500,9.9,0.1524,39.6,0.0233328,1.0,
112.848,8000,4.0,0.2286,71.3,0.00400603,-1.0,
126.343,1250,4.0,0.3048,39.6,0.00579636,1.0,
133.235,250,9.9,0.1524,55.5,0.0208438,1.0,
108.684,4000,19.7,0.0508,39.6,0.036484,-1.0,
114.453,5000,15.4,0.0508,39.6,0.0282593,-1.0,
134.976,2000,9.5,0.0254,71.3,0.00420654,1.0,
130.746,800,9.5,0.0254,31.7,0.00461377,1.0,
126.201,800,0.0,0.3048,71.3,0.00266337,0.5784961575447738,125.15061179787767
131.836,2500,0.0,0.0254,39.6,0.000428464,1.0,
125.398,400,3.0,0.3048,31.7,0.00529514,0.39346089462994327,125.15061179787767
127.623,2000,0.0,0.0254,55.5,0.00041229,1.0,
132.769,1250,3.3,0.1016,55.5,0.002211,1.0,
133.04,6300,0.0,0.0508,71.3,0.000740478,1.0,
131.236,2500,4.8,0.0254,39.6,0.000907475,1.0,
128.879,800,9.9,0.1524,71.3,0.0193001,1.0,
126.446,1250,22.2,0.0254,39.6,0.0229028,1.0,
109.222,12500,1.5,0.3048,71.3,0.00336729,-1.0,
127.054,3150,2.7,0.1524,71.3,0.00243851,1.0,
129.977,1600,12.7,0.0254,39.6,0.013025299999999998,1.0,
132.251,500,5.3,0.2286,39.6,0.00614329,1.0,
135.329,250,9.9,0.1524,71.3,0.0193001,1.0,
113.297,16000,0.0,0.1524,71.3,0.0015988,-1.0,
124.049,1600,0.0,0.3048,39.6,0.00310138,-1.0,
128.2,1600,15.4,0.0508,55.5,0.0271925,1.0,
122.797,2000,2.0,0.2286,39.6,0.00346574,-1.0,
133.924,4000,4.8,0.0254,55.5,0.000873218,1.0,
127.548,500,3.0,0.3048,31.7,0.00529514,1.0,
128.265,400,12.3,0.1016,39.6,0.0408268,1.0,
137.007,3150,0.0,0.0254,71.3,0.000400682,1.0,
126.045,630,8.4,0.0508,39.6,0.00566229,-0.26470293584052085,124.95061179787767
128.971,630,5.4,0.1524,71.3,0.00401199,0.24439975187754537,125.15061179787767
116.724,10000,2.7,0.1524,71.3,0.00243851,-1.0,
121.944,6300,2.7,0.1524,71.3,0.00243851,-0.6928725556738006,124.95061179787768
122.232,4000,2.0,0.2286,55.5,0.00313525,-1.0,
129.946,1000,8.4,0.0508,71.3,0.00529514,1.0,
121.996,4000,17.4,0.0254,31.7,0.017663099999999998,-1.0,
125.398,6300,12.7,0.0254,71.3,0.0121808,1.0,
129.575,400,4.0,0.3048,71.3,0.00497773,1.0,
124.086,4000,2.0,0.2286,71.3,0.00293031,-1.0,
135.938,3150,0.0,0.0508,39.6,0.000791822,1.0,
123.466,3150,17.4,0.0254,31.7,0.017663099999999998,-0.8383648570696791,124.95061179787767
130.156,8000,0.0,0.0508,55.5,0.00076193,1.0,
130.049,1600,2.7,0.1524,39.6,0.00294804,1.0,
118.024,8000,0.0,0.2286,71.3,0.00214345,-1.0,
126.349,1000,9.9,0.1524,71.3,0.0193001,-1.0,
129.05700000000002,630,2.0,0.2286,31.7,0.00372371,1.0,
128.939,400,9.9,0.1524,31.7,0.0252785,1.0,
128.705,630,0.0,0.2286,39.6,0.00253511,1.0,
117.253,6300,8.9,0.1016,71.3,0.0103088,-1.0,
134.556,5000,0.0,0.0508,55.5,0.00076193,1.0,
115.812,5000,8.4,0.0508,55.5,0.00544854,-1.0,
133.649,1600,3.3,0.1016,55.5,0.002211,1.0,
123.189,1250,7.3,0.2286,39.6,0.0123481,-1.0,
120.786,6300,2.0,0.2286,71.3,0.00293031,-1.0,
126.266,315,6.7,0.1016,31.7,0.00592927,0.07489075144126622,125.15061179787767
129.63299999999998,2000,0.0,0.1524,39.6,0.00193287,1.0,
122.101,2000,1.5,0.3048,39.6,0.00392107,-1.0,
125.472,400,3.0,0.3048,39.6,0.00495741,1.0,
124.127,3150,22.2,0.0254,71.3,0.0214178,-0.8223711329937275,124.95061179787768
131.955,3150,0.0,0.1016,71.3,0.00121072,1.0,
134.319,200,9.9,0.1524,71.3,0.0193001,1.0,
130.893,1600,7.2,0.1524,71.3,0.00752039,1.0,
111.588,8000,7.2,0.1524,39.6,0.00909175,-1.0,
134.498,6300,4.8,0.0254,71.3,0.000848633,1.0,
128.86700000000002,630,12.7,0.0254,39.6,0.013025299999999998,1.0,
125.319,1600,4.0,0.2286,39.6,0.00473801,-1.0,
122.527,8000,0.0,0.1524,71.3,0.0015988,-1.0,
118.343,5000,7.2,0.1524,71.3,0.00752039,-1.0,
113.525,3150,9.9,0.1524,39.6,0.0233328,-1.0,
133.846,1600,8.4,0.0508,71.3,0.00529514,1.0,
130.34799999999998,800,12.7,0.0254,71.3,0.0121808,1.0,
133.649,2000,3.3,0.1016,55.5,0.002211,1.0,
130.299,500,7.3,0.2286,39.6,0.0123481,1.0,
121.118,5000,4.0,0.2286,71.3,0.00400603,-1.0,
130.629,3150,3.3,0.1016,55.5,0.002211,1.0,
130.4,1000,15.4,0.0508,55.5,0.0271925,1.0,
132.886,800,6.7,0.1016,31.7,0.00592927,1.0,
123.465,4000,0.0,0.2286,39.6,0.00253511,-1.0,
128.244,2000,0.0,0.2286,71.3,0.00214345,1.0,
134.308,5000,0.0,0.0508,39.6,0.000791822,1.0,
125.997,630,0.0,0.1524,31.7,0.00209405,-0.9772238181744748,124.95061179787767
112.265,4000,9.9,0.1524,39.6,0.0233328,-1.0,
111.35,10000,5.3,0.2286,71.3,0.0051942,-1.0,
118.365,2500,9.9,0.1524,55.5,0.0208438,-1.0,
127.763,2500,0.0,0.1524,55.5,0.00172668,1.0,
108.721,16000,0.0,0.3048,71.3,0.00266337,-1.0,
117.927,400,22.2,0.0254,71.3,0.0214178,-1.0,
119.111,3150,1.5,0.3048,39.6,0.00392107,-1.0,
132.202,1250,9.5,0.0254,55.5,0.0043284,1.0,
115.635,4000,15.4,0.0508,31.7,0.0289853,-1.0,
123.965,3150,8.4,0.0508,39.6,0.00566229,1.0,
121.528,1600,15.6,0.1016,71.3,0.0437259,-1.0,
131.755,800,4.0,0.3048,71.3,0.00497773,1.0,
135.803,5000,0.0,0.0254,55.5,0.00041229,1.0,
116.476,8000,0.0,0.3048,55.5,0.00283081,-1.0,
108.265,10000,0.0,0.3048,31.7,0.00331266,-1.0,
132.43,1000,11.2,0.0508,39.6,0.015047799999999997,1.0,
127.781,400,5.4,0.1524,31.7,0.00525474,1.0,
131.346,8000,4.8,0.0254,39.6,0.000907475,1.0,
122.082,5000,3.3,0.1016,31.7,0.00251435,-1.0,
126.54,1600,11.2,0.0508,39.6,0.015047799999999997,1.0,
126.79,1600,0.0,0.2286,55.5,0.00229336,-1.0,
128.264,1600,4.0,0.2286,55.5,0.0042862,1.0,
131.346,1000,9.5,0.0254,31.7,0.00461377,1.0,
112.768,16000,4.0,0.2286,71.3,0.00400603,-1.0,
117.137,4000,5.4,0.1524,39.6,0.00485029,-1.0,
132.184,8000,4.8,0.0254,55.5,0.000873218,1.0,
135.328,4000,4.8,0.0254,31.7,0.000930789,1.0,
135.54,400,8.9,0.1016,39.6,0.0124596,1.0,
118.816,5000,22.2,0.0254,39.6,0.0229028,-1.0,
131.45600000000002,2000,0.0,0.0508,55.5,0.00076193,1.0,
127.229,4000,3.3,0.1016,55.5,0.002211,1.0,
126.001,1000,17.4,0.0254,55.5,0.016570599999999998,0.24346799011730524,125.15061179787767
115.893,10000,0.0,0.1016,31.7,0.00150092,-1.0,
117.504,2000,12.6,0.1524,71.3,0.0483159,-1.0,
115.691,5000,5.4,0.1524,31.7,0.00525474,-1.0,
128.119,1250,4.0,0.2286,31.7,0.00509068,1.0,
116.92,6300,5.3,0.2286,71.3,0.0051942,-1.0,
127.006,2500,2.0,0.2286,71.3,0.00293031,0.43226761033455896,125.15061179787767
126.416,500,0.0,0.3048,55.5,0.00283081,1.0,
128.809,315,9.9,0.1524,31.7,0.0252785,1.0,
122.394,3150,4.0,0.2286,55.5,0.0042862,-1.0,
126.752,1600,2.0,0.2286,55.5,0.00313525,0.027838210094316307,125.15061179787769
118.545,1600,9.9,0.1524,39.6,0.0233328,-1.0,
120.061,5000,5.4,0.1524,71.3,0.00401199,-1.0,
125.22,12500,0.0,0.0508,71.3,0.000740478,1.0,
115.215,6300,15.4,0.0508,71.3,0.0264269,-1.0,
117.996,5000,17.4,0.0254,31.7,0.017663099999999998,-1.0,
113.288,5000,7.2,0.1524,39.6,0.00909175,-1.0,
126.805,400,15.4,0.0508,71.3,0.0264269,0.7066966078873053,125.15061179787767
109.619,12500,0.0,0.3048,39.6,0.00310138,-1.0,
133.58700000000002,3150,4.2,0.0508,39.6,0.00152689,1.0,
132.54,2000,0.0,0.1016,55.5,0.00131983,1.0,
116.723,5000,8.9,0.1016,71.3,0.0103088,-1.0,
108.034,4000,12.6,0.1524,71.3,0.0483159,-1.0,
121.485,1600,15.4,0.0508,31.7,0.0289853,-1.0,
116.956,250,17.4,0.0254,31.7,0.017663099999999998,-1.0,
127.398,10000,4.8,0.0254,71.3,0.000848633,1.0,
127.039,500,4.0,0.2286,39.6,0.00473801,0.4772277917321259,125.15061179787767
120.726,6300,9.5,0.0254,31.7,0.00461377,-1.0,
135.227,3150,0.0,0.0254,31.7,0.000439472,1.0,
115.372,8000,1.5,0.3048,71.3,0.00336729,-1.0,
114.309,3150,7.3,0.2286,39.6,0.0123481,-1.0,
119.975,200,15.4,0.0508,31.7,0.0289853,-1.0,
116.22,4000,8.9,0.1016,39.6,0.0124596,-1.0,
126.632,1600,1.5,0.3048,71.3,0.00336729,-1.0,
108.407,4000,12.3,0.1016,31.7,0.0418756,-1.0,
115.863,4000,4.0,0.3048,39.6,0.00579636,-1.0,
122.679,1250,9.9,0.1524,71.3,0.0193001,-1.0,
120.497,2500,5.4,0.1524,39.6,0.00485029,-1.0,
125.941,200,11.2,0.0508,71.3,0.014072,-0.7188369277337038,124.95061179787767
130.964,1250,9.5,0.0254,39.6,0.00449821,1.0,
128.583,1000,0.0,0.1524,55.5,0.00172668,1.0,
122.754,315,15.6,0.1016,39.6,0.0528487,-1.0,
112.803,16000,0.0,0.1524,55.5,0.00172668,-1.0,
128.401,3150,3.3,0.1016,39.6,0.00245138,1.0,
133.38,1250,5.3,0.2286,71.3,0.0051942,1.0,
131.279,500,9.9,0.1524,71.3,0.0193001,1.0,
131.605,400,9.9,0.1524,55.5,0.0208438,1.0,
131.44799999999998,630,6.7,0.1016,71.3,0.00478288,1.0,
123.775,2500,4.0,0.3048,71.3,0.00497773,-1.0,
126.54,2000,0.0,0.2286,55.5,0.00229336,-0.6340297453244914,124.95061179787768
118.41,6300,0.0,0.2286,55.5,0.00229336,-1.0,
119.294,315,9.5,0.0254,39.6,0.00449821,-1.0,
116.967,10000,4.2,0.0508,39.6,0.00152689,-1.0,
126.838,1000,3.0,0.3048,31.7,0.00529514,-1.0,
128.545,200,12.3,0.1016,39.6,0.0408268,1.0,
114.709,2500,7.3,0.2286,31.7,0.0132672,-1.0,
119.91,12500,0.0,0.1016,55.5,0.00131983,-1.0,
126.537,4000,12.7,0.0254,39.6,0.013025299999999998,1.0,
118.634,1250,19.7,0.0508,39.6,0.036484,-1.0,
128.339,1250,4.0,0.2286,39.6,0.00473801,1.0,
117.724,2000,19.7,0.0508,39.6,0.036484,-1.0,
125.16,3150,0.0,0.2286,55.5,0.00229336,-1.0,
125.194,1000,7.3,0.2286,55.5,0.0111706,-1.0,
120.136,250,9.5,0.0254,31.7,0.00461377,-1.0,
132.134,1000,4.0,0.2286,55.5,0.0042862,1.0,
131.015,1000,4.0,0.3048,71.3,0.00497773,1.0,
132.27100000000002,1250,0.0,0.1016,39.6,0.00146332,1.0,
131.111,2000,5.4,0.1524,71.3,0.00401199,1.0,
115.52,4000,11.2,0.0508,39.6,0.015047799999999997,-1.0,
125.107,5000,12.7,0.0254,39.6,0.013025299999999998,1.0,
134.227,10000,0.0,0.0254,31.7,0.000439472,1.0,
127.117,1250,5.4,0.1524,39.6,0.00485029,1.0,
128.708,800,3.0,0.3048,31.7,0.00529514,1.0,
133.48,800,5.3,0.2286,71.3,0.0051942,1.0,
123.217,20000,0.0,0.0254,71.3,0.000400682,-0.6826253976319123,124.95061179787767
128.086,800,0.0,0.3048,55.5,0.00283081,1.0,
136.886,630,17.4,0.0254,31.7,0.017663099999999998,1.0,
124.555,800,19.7,0.0508,71.3,0.034118300000000004,0.0029004335683925075,125.15061179787767
125.094,12500,4.8,0.0254,55.5,0.000873218,0.0,
125.452,630,9.5,0.0254,55.5,0.0043284,0.0,
133.251,2000,0.0,0.1016,39.6,0.00146332,1.0,
127.893,1000,15.4,0.0508,39.6,0.0282593,1.0,
133.153,2000,0.0,0.1016,31.7,0.00150092,1.0,
129.934,3150,9.5,0.0254,39.6,0.00449821,1.0,
133.59799999999998,4000,4.2,0.0508,71.3,0.00142788,1.0,
125.116,400,2.0,0.2286,71.3,0.00293031,-0.5283817719745464,124.95061179787767
136.10299999999998,6300,0.0,0.0254,55.5,0.00041229,1.0,
113.858,5000,3.0,0.3048,31.7,0.00529514,-1.0,
128.72299999999998,1000,4.0,0.3048,39.6,0.00579636,1.0,
125.683,16000,0.0,0.0254,55.5,0.00041229,1.0,
118.994,2500,7.3,0.2286,55.5,0.0111706,-1.0,
121.318,2500,12.3,0.1016,71.3,0.033779199999999995,-0.9999999999999999,123.35477715964362
132.118,400,7.2,0.1524,39.6,0.00909175,1.0,
127.461,2000,0.0,0.3048,71.3,0.00266337,-0.8587566406686228,124.95061179787768
120.654,4000,4.0,0.2286,55.5,0.0042862,-1.0,
124.346,1600,6.7,0.1016,31.7,0.00592927,0.5406382933336407,125.15061179787769
121.407,2500,2.0,0.2286,31.7,0.00372371,-1.0,
120.527,4000,2.0,0.2286,31.7,0.00372371,-1.0,
121.635,1250,9.9,0.1524,55.5,0.0208438,-1.0,
112.139,10000,0.0,0.3048,39.6,0.00310138,-1.0,
128.595,315,9.9,0.1524,39.6,0.0233328,1.0,
126.743,1250,15.4,0.0508,39.6,0.0282593,1.0,
120.981,2500,1.5,0.3048,39.6,0.00392107,-1.0,
121.587,3150,5.4,0.1524,55.5,0.00433288,-1.0,
126.661,500,1.5,0.3048,39.6,0.00392107,1.0,
127.815,500,9.9,0.1524,55.5,0.0208438,1.0,
127.864,4000,9.5,0.0254,39.6,0.00449821,1.0,
113.086,10000,2.0,0.2286,71.3,0.00293031,-1.0,
121.889,4000,2.7,0.1524,39.6,0.00294804,-1.0,
123.742,3150,2.0,0.2286,55.5,0.00313525,-1.0,
129.68,1600,0.0,0.0508,71.3,0.000740478,1.0,
107.985,6300,12.3,0.1016,39.6,0.0408268,-1.0,
119.649,2500,4.0,0.2286,39.6,0.00473801,-1.0,
131.186,5000,9.5,0.0254,71.3,0.00420654,1.0,
112.541,6300,5.3,0.2286,39.6,0.00614329,-1.0,
124.881,4000,3.3,0.1016,39.6,0.00245138,1.0,
133.95600000000002,2500,0.0,0.0508,55.5,0.00076193,1.0,
125.539,800,9.9,0.1524,31.7,0.0252785,-0.6848205696338061,124.95061179787767
140.158,500,12.3,0.1016,71.3,0.033779199999999995,1.0,
124.106,2500,0.0,0.3048,55.5,0.00283081,-1.0,
130.089,250,7.3,0.2286,31.7,0.0132672,1.0,
122.411,630,17.4,0.0254,55.5,0.016570599999999998,-1.0,
121.399,2500,0.0,0.3048,39.6,0.00310138,-1.0,
117.284,4000,7.3,0.2286,55.5,0.0111706,-1.0,
120.766,400,17.4,0.0254,31.7,0.017663099999999998,-1.0,
118.385,2500,19.7,0.0508,71.3,0.034118300000000004,-1.0,
122.439,2500,3.0,0.3048,55.5,0.00452492,-1.0,
117.789,5000,0.0,0.3048,39.6,0.00310138,-1.0,
133.252,3150,9.5,0.0254,55.5,0.0043284,1.0,
120.227,4000,2.0,0.2286,39.6,0.00346574,-1.0,
110.894,2000,15.6,0.1016,39.6,0.0528487,-1.0,
117.925,2000,9.9,0.1524,39.6,0.0233328,-1.0,
120.657,630,22.2,0.0254,71.3,0.0214178,-1.0,
127.076,1250,0.0,0.0508,55.5,0.00076193,0.03354719919185328,125.15061179787769
122.539,1000,7.3,0.2286,39.6,0.0123481,-1.0,
119.708,20000,4.8,0.0254,71.3,0.000848633,-1.0,
134.996,4000,4.8,0.0254,39.6,0.000907475,1.0,
121.659,2000,4.0,0.2286,39.6,0.00473801,-1.0,
123.583,630,0.0,0.1524,55.5,0.00172668,-1.0,
115.818,6300,7.3,0.2286,71.3,0.0104404,-1.0,
128.082,800,9.5,0.0254,55.5,0.0043284,1.0,
124.166,2500,17.4,0.0254,31.7,0.017663099999999998,-0.13955315102764637,124.95061179787767
126.395,250,4.0,0.3048,71.3,0.00497773,1.0,
123.417,400,2.0,0.2286,31.7,0.00372371,-1.0,
130.114,2000,2.7,0.1524,71.3,0.00243851,1.0,
127.318,800,12.3,0.1016,71.3,0.033779199999999995,0.40232953689169826,125.15061179787767
116.815,6300,0.0,0.2286,31.7,0.0027238,-1.0,
123.879,400,4.0,0.2286,39.6,0.00473801,-1.0,
130.715,500,4.0,0.3048,71.3,0.00497773,1.0,
104.13,5000,12.6,0.1524,39.6,0.05841130000000001,-1.0,
123.312,315,3.0,0.3048,39.6,0.00495741,-1.0,
130.349,630,4.0,0.2286,31.7,0.00509068,1.0,
119.598,2500,3.0,0.3048,31.7,0.00529514,-1.0,
124.756,400,9.5,0.0254,31.7,0.00461377,-0.9753941643439643,124.95061179787768
119.135,5000,15.4,0.0508,71.3,0.0264269,-1.0,
116.181,4000,5.4,0.1524,31.7,0.00525474,-1.0,
127.488,250,7.2,0.1524,39.6,0.00909175,1.0,
124.625,3150,0.0,0.2286,39.6,0.00253511,-1.0,
123.41,4000,0.0,0.2286,55.5,0.00229336,-1.0,
135.248,5000,4.8,0.0254,31.7,0.000930789,1.0,
113.129,8000,4.0,0.2286,39.6,0.00473801,-1.0,
118.113,4000,15.4,0.0508,39.6,0.0282593,-1.0,
122.044,6300,0.0,0.2286,71.3,0.00214345,-1.0,
110.307,3150,12.3,0.1016,31.7,0.0418756,-1.0,
135.07,3150,0.0,0.0508,71.3,0.000740478,1.0,
131.80700000000002,630,5.4,0.1524,55.5,0.00433288,1.0,
123.988,12500,0.0,0.0508,39.6,0.000791822,-0.22137888547389806,124.95061179787767
119.319,250,0.0,0.3048,39.6,0.00310138,-1.0,
120.575,1600,19.7,0.0508,71.3,0.034118300000000004,-1.0,
128.306,1250,17.4,0.0254,31.7,0.017663099999999998,1.0,
122.966,500,8.4,0.0508,31.7,0.00580776,-1.0,
119.54,315,0.0,0.2286,55.5,0.00229336,-1.0,
123.061,4000,0.0,0.3048,71.3,0.00266337,-1.0,
106.26,3150,12.6,0.1524,39.6,0.05841130000000001,-1.0,
125.857,250,12.3,0.1016,31.7,0.0418756,1.0,
134.273,1000,7.2,0.1524,71.3,0.00752039,1.0,
109.254,3150,15.6,0.1016,39.6,0.0528487,-1.0,
129.964,630,4.0,0.2286,55.5,0.0042862,1.0,
114.474,20000,0.0,0.2286,71.3,0.00214345,-1.0,
130.392,2500,3.3,0.1016,31.7,0.00251435,1.0,
133.553,1600,0.0,0.1016,31.7,0.00150092,1.0,
130.791,2500,3.3,0.1016,39.6,0.00245138,1.0,
110.78,1600,12.6,0.1524,39.6,0.05841130000000001,-1.0,
130.30700000000002,800,2.0,0.2286,31.7,0.00372371,1.0,
120.716,315,22.2,0.0254,39.6,0.0229028,-1.0,
132.043,500,7.2,0.1524,71.3,0.00752039,1.0,
130.46,1600,5.3,0.2286,71.3,0.0051942,1.0,
135.953,800,6.7,0.1016,55.5,0.0052139,1.0,
118.005,200,19.7,0.0508,71.3,0.034118300000000004,-1.0,
126.514,1600,3.0,0.3048,71.3,0.00425727,-0.7295973835933801,124.95061179787767
114.418,10000,12.7,0.0254,71.3,0.0121808,-1.0,
125.555,800,15.4,0.0508,31.7,0.0289853,0.40646143675901714,125.15061179787767
133.42,200,8.9,0.1016,39.6,0.0124596,1.0,
130.086,2500,9.5,0.0254,31.7,0.00461377,1.0,
114.714,250,17.4,0.0254,39.6,0.0172206,-1.0,
127.299,200,9.9,0.1524,31.7,0.0252785,1.0,
129.869,1000,4.0,0.2286,31.7,0.00509068,1.0,
122.435,1000,12.3,0.1016,39.6,0.0408268,-1.0,
124.393,5000,0.0,0.1016,31.7,0.00150092,-0.4003556272215574,124.95061179787768
129.116,12500,0.0,0.0254,39.6,0.000428464,1.0,
131.06,2000,0.0,0.0508,71.3,0.000740478,1.0,
121.93,10000,0.0,0.1016,55.5,0.00131983,-1.0,
123.227,800,22.2,0.0254,71.3,0.0214178,-1.0,
128.252,3150,3.3,0.1016,31.7,0.00251435,1.0,
120.015,400,8.4,0.0508,39.6,0.00566229,-1.0,
129.691,315,5.3,0.2286,39.6,0.00614329,1.0,
119.07,12500,0.0,0.0508,31.7,0.000812164,-1.0,
128.401,800,0.0,0.1016,39.6,0.00146332,0.32153910984437717,125.15061179787767
125.809,630,2.7,0.1524,39.6,0.00294804,-1.0,
135.308,4000,0.0,0.0508,39.6,0.000791822,1.0,
126.677,500,2.0,0.2286,31.7,0.00372371,-0.14678812818780473,124.95061179787768
130.567,1600,5.4,0.1524,55.5,0.00433288,1.0,
128.49200000000002,800,2.0,0.2286,55.5,0.00313525,0.9458645573239333,125.15061179787767
122.779,315,0.0,0.3048,39.6,0.00310138,0.14581308750891064,125.15061179787767
112.16,1250,12.6,0.1524,39.6,0.05841130000000001,-1.0,
136.384,250,7.3,0.2286,55.5,0.0111706,1.0,
125.724,1250,7.3,0.2286,55.5,0.0111706,-0.9559077186747326,124.95061179787768
129.667,1600,0.0,0.1524,71.3,0.0015988,1.0,
113.004,3150,19.7,0.0508,39.6,0.036484,-1.0,
114.042,6300,3.0,0.3048,39.6,0.00495741,-1.0,
127.947,1250,0.0,0.0254,31.7,0.000439472,-0.6738984885614125,124.95061179787767
131.808,4000,12.7,0.0254,71.3,0.0121808,1.0,
116.165,6300,4.0,0.3048,71.3,0.00497773,-1.0,
137.207,8000,0.0,0.0254,31.7,0.000439472,1.0,
127.307,1000,0.0,0.1524,71.3,0.0015988,0.16423658438044572,125.15061179787767
129.006,630,9.5,0.0254,31.7,0.00461377,1.0,
138.523,500,8.9,0.1016,71.3,0.0103088,1.0,
126.021,5000,0.0,0.1016,39.6,0.00146332,1.0,
115.304,500,15.6,0.1016,39.6,0.0528487,-1.0,
123.177,6300,12.7,0.0254,39.6,0.013025299999999998,0.8210444535924445,125.15061179787767
129.94899999999998,800,3.0,0.3048,55.5,0.00452492,1.0,
129.415,315,12.3,0.1016,39.6,0.0408268,1.0,
119.505,2000,9.9,0.1524,55.5,0.0208438,-1.0,
127.92,800,0.0,0.1016,55.5,0.00131983,1.0,
121.146,5000,8.4,0.0508,71.3,0.00529514,-1.0,
119.039,1600,7.3,0.2286,31.7,0.0132672,-1.0,
129.27,1250,0.0,0.0508,31.7,0.000812164,1.0,
120.534,8000,2.7,0.1524,71.3,0.00243851,-1.0,
123.689,2000,0.0,0.3048,39.6,0.00310138,-1.0,
128.127,2500,0.0,0.1524,71.3,0.0015988,0.8865390093214559,125.15061179787766
129.292,630,3.0,0.3048,39.6,0.00495741,1.0,
133.664,1600,3.3,0.1016,71.3,0.00202822,1.0,
130.05,1250,11.2,0.0508,39.6,0.015047799999999997,1.0,
139.438,400,7.3,0.2286,71.3,0.0104404,1.0,
126.413,630,0.0,0.1016,31.7,0.00150092,1.0,
125.048,400,12.7,0.0254,71.3,0.0121808,-1.0,
121.728,4000,4.0,0.2286,71.3,0.00400603,-1.0,
126.049,630,9.9,0.1524,31.7,0.0252785,0.0,
132.30100000000002,2000,3.3,0.1016,39.6,0.00245138,1.0,
124.108,3150,4.0,0.2286,71.3,0.00400603,-1.0,
125.268,8000,4.2,0.0508,71.3,0.00142788,1.0,
122.893,250,15.4,0.0508,39.6,0.0282593,-1.0,
116.924,250,9.5,0.0254,39.6,0.00449821,-1.0,
120.569,8000,3.3,0.1016,55.5,0.002211,-1.0,
127.556,800,8.4,0.0508,71.3,0.00529514,-1.0,
135.866,8000,0.0,0.0254,39.6,0.000428464,1.0,
131.364,1250,17.4,0.0254,39.6,0.0172206,1.0,
117.054,2500,12.3,0.1016,55.5,0.0368233,-1.0,
126.195,500,0.0,0.2286,39.6,0.00253511,1.0,
128.939,500,4.0,0.2286,31.7,0.00509068,1.0,
132.05,1600,0.0,0.1016,55.5,0.00131983,1.0,
124.364,5000,2.7,0.1524,71.3,0.00243851,1.0,
126.746,2500,17.4,0.0254,71.3,0.016104,1.0,
128.216,800,2.0,0.2286,71.3,0.00293031,1.0,
123.354,1600,7.3,0.2286,55.5,0.0111706,-1.0,
107.267,6300,12.3,0.1016,31.7,0.0418756,-1.0,
119.916,6300,17.4,0.0254,71.3,0.016104,-1.0,
120.324,630,19.7,0.0508,39.6,0.036484,-1.0,
125.581,1000,5.3,0.2286,39.6,0.00614329,-1.0,
125.576,2500,8.4,0.0508,31.7,0.00580776,0.6930330824590448,125.15061179787767
117.604,1600,19.7,0.0508,39.6,0.036484,-1.0,
129.395,1250,4.0,0.3048,71.3,0.00497773,1.0,
133.40200000000002,1600,3.3,0.1016,31.7,0.00251435,1.0,
129.395,6300,0.0,0.1016,71.3,0.00121072,1.0,
136.284,315,7.3,0.2286,55.5,0.0111706,1.0,
122.365,1600,0.0,0.3048,31.7,0.00331266,-1.0,
129.491,800,5.3,0.2286,39.6,0.00614329,1.0,
125.824,4000,0.0,0.2286,71.3,0.00214345,-1.0,
129.02700000000002,2500,12.7,0.0254,39.6,0.013025299999999998,1.0,
113.733,5000,4.0,0.3048,39.6,0.00579636,-1.0,
124.493,315,15.4,0.0508,39.6,0.0282593,0.9004684083141619,125.15061179787767
124.024,2500,3.0,0.3048,71.3,0.00425727,-1.0,
112.209,3150,9.9,0.1524,31.7,0.0252785,-1.0,
130.67,400,11.2,0.0508,39.6,0.015047799999999997,1.0,
107.147,5000,12.3,0.1016,31.7,0.0418756,-1.0,
132.796,6300,0.0,0.0508,55.5,0.00076193,1.0,
124.403,630,0.0,0.1524,39.6,0.00193287,-1.0,
126.648,1250,12.3,0.1016,71.3,0.033779199999999995,1.0,
123.514,200,15.6,0.1016,39.6,0.0528487,-1.0,
134.236,4000,9.5,0.0254,71.3,0.00420654,1.0,
112.639,4000,7.3,0.2286,31.7,0.0132672,-1.0,
125.261,2000,17.4,0.0254,55.5,0.016570599999999998,0.1112324600645136,125.15061179787767
131.234,2500,9.5,0.0254,39.6,0.00449821,1.0,
121.256,2000,22.2,0.0254,39.6,0.0229028,-1.0,
112.699,6300,4.0,0.2286,31.7,0.00509068,-1.0,
130.987,1000,0.0,0.1524,31.7,0.00209405,1.0,
110.447,2000,12.3,0.1016,31.7,0.0418756,-1.0,
117.195,200,0.0,0.3048,31.7,0.00331266,-1.0,
120.446,2000,6.7,0.1016,31.7,0.00592927,-1.0,
123.865,400,19.7,0.0508,71.3,0.034118300000000004,-0.8191500505352614,124.95061179787767
134.15200000000002,2500,9.5,0.0254,55.5,0.0043284,1.0,
129.33,630,15.4,0.0508,55.5,0.0271925,1.0,
124.426,5000,9.5,0.0254,31.7,0.00461377,0.2812994211338846,125.15061179787767
116.108,5000,12.3,0.1016,71.3,0.033779199999999995,-1.0,
126.926,4000,8.4,0.0508,71.3,0.00529514,1.0,
115.144,315,17.4,0.0254,39.6,0.0172206,-1.0,
122.384,2500,4.0,0.2286,55.5,0.0042862,-1.0,
135.234,200,7.3,0.2286,55.5,0.0111706,1.0,
124.838,1250,3.0,0.3048,31.7,0.00529514,-1.0,
124.318,1600,4.2,0.0508,71.3,0.00142788,-1.0,
132.898,6300,4.8,0.0254,31.7,0.000930789,1.0,
113.034,12500,2.7,0.1524,71.3,0.00243851,-1.0,
131.274,2000,9.5,0.0254,39.6,0.00449821,1.0,
139.808,315,7.3,0.2286,71.3,0.0104404,1.0,
121.789,1600,9.9,0.1524,71.3,0.0193001,-1.0,
117.624,12500,0.0,0.2286,71.3,0.00214345,-1.0,
133.72799999999998,3150,4.2,0.0508,71.3,0.00142788,1.0,
126.736,4000,9.5,0.0254,31.7,0.00461377,1.0,
127.53,800,0.0,0.2286,55.5,0.00229336,0.33979547717599456,125.15061179787767
129.30100000000002,1250,17.4,0.0254,55.5,0.016570599999999998,1.0,
121.762,4000,1.5,0.3048,71.3,0.00336729,-1.0,
127.465,2500,8.4,0.0508,39.6,0.00566229,1.0,
114.404,4000,12.3,0.1016,55.5,0.0368233,-1.0,
124.336,800,0.0,0.0508,55.5,0.00076193,-1.0,
128.312,1000,3.0,0.3048,39.6,0.00495741,1.0,
118.106,4000,8.4,0.0508,31.7,0.00580776,-1.0,
133.378,3150,4.8,0.0254,71.3,0.000848633,1.0,
125.951,1250,0.0,0.3048,71.3,0.00266337,-0.16141832705965004,124.95061179787768
132.513,1250,7.2,0.1524,71.3,0.00752039,1.0,
128.179,500,3.0,0.3048,55.5,0.00452492,1.0,
123.274,400,4.0,0.2286,55.5,0.0042862,-1.0,
131.97799999999998,2500,4.2,0.0508,71.3,0.00142788,1.0,
117.465,6300,0.0,0.2286,39.6,0.00253511,-1.0,
111.135,5000,9.9,0.1524,39.6,0.0233328,-1.0,
130.908,1600,0.0,0.0508,39.6,0.000791822,1.0,
136.941,1000,11.2,0.0508,71.3,0.014072,1.0,
122.79,800,0.0,0.0508,31.7,0.000812164,-1.0,
130.697,2000,0.0,0.0254,31.7,0.000439472,1.0,
120.755,2500,0.0,0.3048,31.7,0.00331266,-1.0,
121.234,8000,3.3,0.1016,71.3,0.00202822,0.23582833103186565,125.15061179787767
137.06799999999998,315,12.3,0.1016,71.3,0.033779199999999995,1.0,
123.037,2000,2.0,0.2286,31.7,0.00372371,-1.0,
136.414,400,12.3,0.1016,55.5,0.0368233,1.0,
106.88,2500,12.6,0.1524,39.6,0.05841130000000001,-1.0,
121.055,315,0.0,0.2286,39.6,0.00253511,-1.0,
126.59,8000,0.0,0.0508,31.7,0.000812164,1.0,
119.151,2500,5.4,0.1524,31.7,0.00525474,-1.0,
110.652,8000,3.0,0.3048,39.6,0.00495741,-1.0,
117.287,6300,5.4,0.1524,55.5,0.00433288,-1.0,
138.55700000000002,4000,0.0,0.0254,71.3,0.000400682,1.0,
123.74,2500,5.3,0.2286,71.3,0.0051942,-1.0,
126.086,1250,0.0,0.3048,55.5,0.00283081,-1.0,
125.802,1250,3.0,0.3048,39.6,0.00495741,-1.0,
115.309,2000,7.3,0.2286,31.7,0.0132672,-1.0,
130.30700000000002,1000,2.0,0.2286,31.7,0.00372371,1.0,
128.576,1600,0.0,0.0508,55.5,0.00076193,1.0,
113.298,4000,15.6,0.1016,71.3,0.0437259,-1.0,
127.73,6300,0.0,0.1016,55.5,0.00131983,1.0,
125.721,1250,5.3,0.2286,39.6,0.00614329,-0.9937522435423548,124.95061179787768
118.05,5000,5.3,0.2286,71.3,0.0051942,-1.0,
121.238,10000,4.2,0.0508,71.3,0.00142788,1.0,
128.416,1000,22.2,0.0254,39.6,0.0229028,1.0,
126.356,1250,17.4,0.0254,71.3,0.016104,0.553490247216693,125.15061179787769
133.042,2000,8.4,0.0508,55.5,0.00544854,1.0,
119.698,250,12.7,0.0254,71.3,0.0121808,-1.0,
121.431,4000,5.4,0.1524,71.3,0.00401199,-1.0,
130.828,2500,4.8,0.0254,71.3,0.000848633,1.0,
118.619,1250,9.9,0.1524,31.7,0.0252785,-1.0,
123.069,2000,3.0,0.3048,55.5,0.00452492,-1.0,
126.189,630,7.3,0.2286,31.7,0.0132672,-0.36298151304081305,124.95061179787768
120.243,4000,8.9,0.1016,71.3,0.0103088,-1.0,
127.591,2500,5.4,0.1524,71.3,0.00401199,1.0,
114.984,16000,0.0,0.2286,71.3,0.00214345,-1.0,
133.174,500,7.3,0.2286,55.5,0.0111706,1.0,
129.35399999999998,630,3.0,0.3048,71.3,0.00425727,1.0,
131.96,500,11.2,0.0508,39.6,0.015047799999999997,1.0,
121.885,1000,19.7,0.0508,71.3,0.034118300000000004,-1.0,
132.89700000000002,2500,0.0,0.0254,31.7,0.000439472,1.0,
116.411,6300,5.4,0.1524,71.3,0.00401199,-1.0,
132.611,2500,0.0,0.1016,39.6,0.00146332,1.0,
133.241,1600,5.4,0.1524,71.3,0.00401199,1.0,
122.708,2000,7.3,0.2286,71.3,0.0104404,-1.0,
124.121,400,5.4,0.1524,71.3,0.00401199,-1.0,
133.276,3150,0.0,0.0254,39.6,0.000428464,1.0,
126.959,500,0.0,0.3048,39.6,0.00310138,1.0,
127.696,630,0.0,0.3048,55.5,0.00283081,1.0,
135.674,315,12.3,0.1016,55.5,0.0368233,1.0,
129.45,1000,0.0,0.0508,71.3,0.000740478,1.0,
104.204,6300,15.6,0.1016,39.6,0.0528487,-1.0,
136.023,800,7.2,0.1524,71.3,0.00752039,1.0,
122.341,8000,0.0,0.1016,39.6,0.00146332,-1.0,
127.315,500,0.0,0.3048,31.7,0.00331266,1.0,
111.459,4000,9.9,0.1524,31.7,0.0252785,-1.0,
133.261,1600,0.0,0.1016,39.6,0.00146332,1.0,
107.405,12500,4.0,0.3048,71.3,0.00497773,-1.0,
122.845,315,15.4,0.0508,31.7,0.0289853,-1.0,
126.066,10000,4.8,0.0254,39.6,0.000907475,1.0,
113.333,8000,7.2,0.1524,71.3,0.00752039,-1.0,
124.514,630,17.4,0.0254,39.6,0.0172206,-0.5910138960468051,124.95061179787767
134.476,2000,8.4,0.0508,71.3,0.00529514,1.0,
110.555,6300,9.9,0.1524,55.5,0.0208438,-1.0,
129.8,1000,0.0,0.1016,55.5,0.00131983,1.0,
125.203,5000,0.0,0.1524,55.5,0.00172668,-0.3441410272441453,124.95061179787768
132.127,1000,5.4,0.1524,55.5,0.00433288,1.0,
126.5,400,15.4,0.0508,55.5,0.0271925,1.0,
110.905,10000,4.0,0.3048,71.3,0.00497773,-1.0,
120.193,8000,0.0,0.1016,31.7,0.00150092,-1.0,
132.588,2500,4.8,0.0254,31.7,0.000930789,1.0,
123.118,315,3.0,0.3048,31.7,0.00529514,-1.0,
115.413,10000,0.0,0.1524,39.6,0.00193287,-1.0,
115.857,315,22.2,0.0254,71.3,0.0214178,-1.0,
119.646,4000,22.2,0.0254,39.6,0.0229028,-1.0,
125.992,1000,1.5,0.3048,71.3,0.00336729,-1.0,
126.465,630,9.9,0.1524,39.6,0.0233328,0.0556804685692488,125.15061179787767
127.834,3150,0.0,0.2286,71.3,0.00214345,-0.43198710160636145,124.95061179787767
126.966,1000,0.0,0.3048,55.5,0.00283081,-0.14036521058456022,124.95061179787767
117.478,2500,7.2,0.1524,39.6,0.00909175,-1.0,
127.443,630,15.4,0.0508,39.6,0.0282593,1.0,
119.737,4000,5.4,0.1524,55.5,0.00433288,-1.0,
127.011,250,5.3,0.2286,39.6,0.00614329,1.0,
119.224,1000,15.6,0.1016,39.6,0.0528487,-1.0,
132.595,2500,0.0,0.1016,71.3,0.00121072,1.0,
127.686,2000,8.4,0.0508,31.7,0.00580776,1.0,
130.72299999999998,800,4.0,0.3048,39.6,0.00579636,1.0,
131.656,1250,9.5,0.0254,71.3,0.00420654,1.0,
125.625,1600,0.0,0.2286,31.7,0.0027238,-1.0,
119.343,4000,7.2,0.1524,71.3,0.00752039,-1.0,
127.315,200,9.9,0.1524,39.6,0.0233328,1.0,
127.7,400,5.3,0.2286,71.3,0.0051942,1.0,
114.67,1000,12.6,0.1524,39.6,0.05841130000000001,-1.0,
124.612,2000,2.0,0.2286,55.5,0.00313525,-1.0,
119.777,1000,12.3,0.1016,31.7,0.0418756,-1.0,
130.688,800,4.0,0.2286,71.3,0.00400603,1.0,
120.532,2000,3.0,0.3048,39.6,0.00495741,-1.0,
128.825,1000,0.0,0.1016,71.3,0.00121072,1.0,
120.154,1250,12.6,0.1524,71.3,0.0483159,-1.0,
123.263,3150,8.9,0.1016,71.3,0.0103088,-1.0,
126.218,2000,4.0,0.2286,71.3,0.00400603,0.0763153344993428,125.15061179787769
136.826,6300,0.0,0.0254,39.6,0.000428464,1.0,
122.471,4000,11.2,0.0508,71.3,0.014072,-1.0,
113.108,10000,4.0,0.2286,71.3,0.00400603,-1.0,
130.183,1600,0.0,0.1524,55.5,0.00172668,1.0,
126.457,5000,0.0,0.1524,71.3,0.0015988,1.0,
124.304,5000,0.0,0.2286,71.3,0.00214345,-1.0,
129.97299999999998,3150,0.0,0.1016,31.7,0.00150092,1.0,
130.817,1600,0.0,0.1524,31.7,0.00209405,1.0,
129.099,800,0.0,0.3048,39.6,0.00310138,1.0,
106.111,12500,1.5,0.3048,39.6,0.00392107,-1.0,
126.886,500,9.5,0.0254,31.7,0.00461377,1.0,
117.134,3150,7.3,0.2286,55.5,0.0111706,-1.0,
124.154,2500,17.4,0.0254,39.6,0.0172206,-0.19296810843789594,124.95061179787767
131.013,1600,0.0,0.1524,39.6,0.00193287,1.0,
106.224,5000,15.6,0.1016,39.6,0.0528487,-1.0,
133.894,2500,3.3,0.1016,71.3,0.00202822,1.0,
118.767,1250,12.3,0.1016,31.7,0.0418756,-1.0,
125.571,2500,0.0,0.3048,71.3,0.00266337,-1.0,
132.252,1250,8.4,0.0508,55.5,0.00544854,1.0,
126.843,315,4.0,0.3048,39.6,0.00579636,1.0,
125.127,1000,0.0,0.0254,31.7,0.000439472,-1.0,
128.335,250,9.9,0.1524,39.6,0.0233328,1.0,
133.048,1250,12.7,0.0254,71.3,0.0121808,1.0,
120.162,2500,3.0,0.3048,39.6,0.00495741,-1.0,
128.296,400,6.7,0.1016,31.7,0.00592927,1.0,
121.474,1600,4.8,0.0254,55.5,0.000873218,-1.0,
110.364,16000,2.7,0.1524,71.3,0.00243851,-1.0,
124.644,250,15.6,0.1016,39.6,0.0528487,0.9399111622042104,125.15061179787767
120.264,4000,3.0,0.3048,71.3,0.00425727,-1.0,
112.065,5000,9.9,0.1524,55.5,0.0208438,-1.0,
124.338,2500,4.0,0.2286,71.3,0.00400603,-1.0,
122.288,630,15.6,0.1016,71.3,0.0437259,-1.0,
116.229,6300,0.0,0.3048,39.6,0.00310138,-1.0,
130.469,800,4.0,0.2286,39.6,0.00473801,1.0,
104.5,4000,12.6,0.1524,39.6,0.05841130000000001,-1.0,
133.768,630,7.3,0.2286,71.3,0.0104404,1.0,
126.642,2000,1.5,0.3048,71.3,0.00336729,-1.0,
125.817,800,0.0,0.1524,71.3,0.0015988,-1.0,
133.376,10000,0.0,0.0254,39.6,0.000428464,1.0,
136.75799999999998,1000,6.7,0.1016,71.3,0.00478288,1.0,
122.211,1600,1.5,0.3048,39.6,0.00392107,-1.0,
128.629,630,0.0,0.3048,39.6,0.00310138,1.0,
119.854,5000,17.4,0.0254,39.6,0.0172206,-1.0,
129.308,6300,4.2,0.0508,71.3,0.00142788,1.0,
126.486,500,2.0,0.2286,71.3,0.00293031,0.40604281438115397,125.15061179787767
128.435,800,8.4,0.0508,39.6,0.00566229,1.0,
127.375,1600,6.7,0.1016,39.6,0.00578076,1.0,
118.129,200,0.0,0.3048,39.6,0.00310138,-1.0,
128.536,3150,9.5,0.0254,31.7,0.00461377,1.0,
128.97799999999998,5000,12.7,0.0254,71.3,0.0121808,1.0,
126.995,500,19.7,0.0508,71.3,0.034118300000000004,1.0,
117.386,250,22.2,0.0254,39.6,0.0229028,-1.0,
117.328,12500,4.2,0.0508,71.3,0.00142788,-1.0,
134.533,250,8.9,0.1016,71.3,0.0103088,1.0,
111.959,5000,7.3,0.2286,39.6,0.0123481,-1.0,
125.89,2000,5.3,0.2286,71.3,0.0051942,-1.0,
126.149,400,4.0,0.2286,31.7,0.00509068,0.0,
120.076,400,8.4,0.0508,31.7,0.00580776,-1.0,
119.375,12500,0.0,0.1016,71.3,0.00121072,-1.0,
115.91,400,12.6,0.1524,39.6,0.05841130000000001,-1.0,
138.423,630,8.9,0.1016,71.3,0.0103088,1.0,
122.147,400,2.0,0.2286,39.6,0.00346574,-1.0,
127.179,500,9.9,0.1524,31.7,0.0252785,1.0,
103.38,6300,12.6,0.1524,39.6,0.05841130000000001,-1.0,
113.796,250,17.4,0.0254,71.3,0.016104,-1.0,
118.827,5000,2.0,0.2286,39.6,0.00346574,-1.0,
130.496,2000,9.5,0.0254,31.7,0.00461377,1.0,
124.438,1000,15.6,0.1016,71.3,0.0437259,-0.14285393810437105,124.95061179787767
121.106,4000,0.0,0.3048,55.5,0.00283081,-1.0,
125.026,1250,4.8,0.0254,39.6,0.000907475,-0.9999999999999999,124.07339688418959
123.127,6300,22.2,0.0254,71.3,0.0214178,-1.0,
131.642,2000,3.3,0.1016,31.7,0.00251435,1.0,
118.441,3150,5.3,0.2286,39.6,0.00614329,-1.0,
125.728,1600,7.3,0.2286,71.3,0.0104404,-1.0,
134.336,6300,4.8,0.0254,39.6,0.000907475,1.0,
128.83100000000002,800,1.5,0.3048,39.6,0.00392107,0.8462165697285167,125.15061179787767
123.392,3150,1.5,0.3048,71.3,0.00336729,-1.0,
137.233,1000,6.7,0.1016,55.5,0.0052139,1.0,
133.01,2000,0.0,0.0508,31.7,0.000812164,1.0,
132.039,400,7.3,0.2286,39.6,0.0123481,1.0,
123.894,500,9.5,0.0254,39.6,0.00449821,-1.0,
114.927,8000,5.4,0.1524,55.5,0.00433288,-1.0,
120.324,6300,9.5,0.0254,39.6,0.00449821,-1.0,
126.846,1600,17.4,0.0254,31.7,0.017663099999999998,1.0,
118.667,500,12.3,0.1016,31.7,0.0418756,-1.0,
131.615,630,4.0,0.3048,71.3,0.00497773,1.0,
121.059,1600,7.3,0.2286,39.6,0.0123481,-1.0,
118.689,4000,3.0,0.3048,55.5,0.00452492,-1.0,
126.616,2000,0.0,0.3048,55.5,0.00283081,0.0,
132.58700000000002,2000,4.2,0.0508,39.6,0.00152689,1.0,
119.632,5000,1.5,0.3048,71.3,0.00336729,-1.0,
114.554,1600,15.6,0.1016,39.6,0.0528487,-1.0,
124.276,800,17.4,0.0254,71.3,0.016104,-0.04107755585654371,124.95061179787768
125.39,315,15.4,0.0508,55.5,0.0271925,0.0,
124.254,2000,4.0,0.2286,55.5,0.0042862,-0.6861764405802933,124.95061179787768
113.11,6300,8.9,0.1016,39.6,0.0124596,-1.0,
117.967,500,22.2,0.0254,71.3,0.0214178,-1.0,
123.126,5000,17.4,0.0254,71.3,0.016104,-1.0,
132.003,2500,0.0,0.1016,31.7,0.00150092,1.0,
122.044,1000,12.6,0.1524,71.3,0.0483159,-1.0,
125.524,2000,3.0,0.3048,71.3,0.00425727,-1.0,
130.332,1000,9.5,0.0254,55.5,0.0043284,1.0,
120.607,8000,12.7,0.0254,39.6,0.013025299999999998,-1.0,
115.079,4000,9.9,0.1524,71.3,0.0193001,-1.0,
128.718,1600,4.8,0.0254,31.7,0.000930789,1.0,
131.636,1000,6.7,0.1016,31.7,0.00592927,1.0,
124.394,16000,4.8,0.0254,55.5,0.000873218,-0.5567248621758121,124.95061179787767
128.704,4000,3.3,0.1016,71.3,0.00202822,1.0,
135.079,400,9.9,0.1524,71.3,0.0193001,1.0,
129.004,1000,3.0,0.3048,71.3,0.00425727,1.0,
126.17,630,0.0,0.1016,55.5,0.00131983,0.7189210490909349,125.15061179787767
132.889,2500,3.3,0.1016,55.5,0.002211,1.0,
113.076,10000,0.0,0.3048,55.5,0.00283081,-1.0,
134.938,2500,0.0,0.0508,39.6,0.000791822,1.0,
120.137,315,2.0,0.2286,39.6,0.00346574,-1.0,
116.128,500,4.8,0.0254,31.7,0.000930789,-1.0,
138.274,1000,17.4,0.0254,39.6,0.0172206,1.0,
125.715,3150,15.4,0.0508,71.3,0.0264269,1.0,
134.02200000000002,1250,3.3,0.1016,31.7,0.00251435,1.0,
129.776,500,22.2,0.0254,39.6,0.0229028,1.0,
124.188,800,15.6,0.1016,71.3,0.0437259,-1.0,
127.095,1600,0.0,0.2286,39.6,0.00253511,1.0,
115.679,6300,3.0,0.3048,55.5,0.00452492,-1.0,
115.137,6300,2.0,0.2286,31.7,0.00372371,-1.0,
119.561,10000,0.0,0.1016,39.6,0.00146332,-1.0,
123.761,1600,5.4,0.1524,31.7,0.00525474,-1.0,
121.527,3150,2.0,0.2286,31.7,0.00372371,-1.0,
131.434,1000,3.3,0.1016,71.3,0.00202822,1.0,
129.281,400,11.2,0.0508,71.3,0.014072,1.0,
113.045,4000,19.7,0.0508,71.3,0.034118300000000004,-1.0,
125.998,10000,0.0,0.0508,39.6,0.000791822,1.0,
126.345,800,9.9,0.1524,39.6,0.0233328,0.0,
119.875,1600,9.9,0.1524,55.5,0.0208438,-1.0,
108.625,5000,12.3,0.1016,39.6,0.0408268,-1.0,
127.054,5000,3.3,0.1016,71.3,0.00202822,1.0,
130.898,200,15.6,0.1016,71.3,0.0437259,1.0,
112.93,6300,15.4,0.0508,55.5,0.0271925,-1.0,
116.241,5000,1.5,0.3048,39.6,0.00392107,-1.0,
122.816,5000,2.0,0.2286,71.3,0.00293031,-1.0,
119.208,4000,7.3,0.2286,71.3,0.0104404,-1.0,
122.765,315,0.0,0.3048,31.7,0.00331266,-1.0,
130.0,1250,15.4,0.0508,55.5,0.0271925,1.0,
130.07299999999998,2500,0.0,0.0254,55.5,0.00041229,1.0,
134.528,1600,12.7,0.0254,71.3,0.0121808,1.0,
132.158,250,15.6,0.1016,71.3,0.0437259,1.0,
136.031,800,11.2,0.0508,71.3,0.014072,1.0,
126.406,1600,17.4,0.0254,71.3,0.016104,1.0,
122.919,3150,2.7,0.1524,39.6,0.00294804,-1.0,
130.269,400,7.3,0.2286,31.7,0.0132672,1.0,
111.029,5000,7.3,0.2286,31.7,0.0132672,-1.0,
125.717,6300,4.2,0.0508,39.6,0.00152689,1.0,
133.29399999999998,250,12.3,0.1016,55.5,0.0368233,1.0,
127.008,8000,4.8,0.0254,31.7,0.000930789,1.0,
135.468,5000,4.8,0.0254,71.3,0.000848633,1.0,
131.281,800,5.4,0.1524,71.3,0.00401199,1.0,
128.679,200,7.3,0.2286,31.7,0.0132672,1.0,
132.357,630,5.4,0.1524,39.6,0.00485029,1.0,
113.775,6300,0.0,0.3048,31.7,0.00331266,-1.0,
128.64700000000002,2000,0.0,0.1524,71.3,0.0015988,1.0,
120.798,3150,12.3,0.1016,71.3,0.033779199999999995,-1.0,
128.295,400,6.7,0.1016,39.6,0.00578076,1.0,
123.862,2500,2.0,0.2286,55.5,0.00313525,-1.0,
136.536,5000,0.0,0.0254,39.6,0.000428464,1.0,
119.621,500,17.4,0.0254,55.5,0.016570599999999998,-1.0,
130.205,800,0.0,0.2286,39.6,0.00253511,1.0,
126.675,500,0.0,0.2286,31.7,0.0027238,0.20870045627946152,125.15061179787769
114.079,4000,7.3,0.2286,39.6,0.0123481,-1.0,
125.867,2500,0.0,0.1524,31.7,0.00209405,1.0,
136.83700000000002,5000,0.0,0.0254,71.3,0.000400682,1.0,
128.952,630,3.3,0.1016,31.7,0.00251435,1.0,
136.166,3150,9.5,0.0254,71.3,0.00420654,1.0,
123.705,400,15.4,0.0508,31.7,0.0289853,-0.34679534125518163,124.95061179787767
127.094,400,12.6,0.1524,71.3,0.0483159,0.0,
126.842,630,2.0,0.2286,55.5,0.00313525,-0.2976007194732373,124.95061179787767
128.423,800,15.4,0.0508,39.6,0.0282593,1.0,
127.638,1000,0.0,0.0508,39.6,0.000791822,-0.810999259717602,124.95061179787767
119.146,200,9.5,0.0254,31.7,0.00461377,-1.0,
129.36700000000002,500,5.4,0.1524,55.5,0.00433288,1.0,
131.78,3150,0.0,0.1016,55.5,0.00131983,1.0,
128.99,315,11.2,0.0508,39.6,0.015047799999999997,1.0,
118.267,5000,2.0,0.2286,31.7,0.00372371,-1.0,
126.514,630,9.5,0.0254,39.6,0.00449821,1.0,
129.377,3150,0.0,0.1524,71.3,0.0015988,1.0,
127.22,500,15.4,0.0508,55.5,0.0271925,1.0,
128.857,4000,0.0,0.1524,71.3,0.0015988,1.0,
129.11700000000002,800,0.0,0.1524,31.7,0.00209405,1.0,
133.207,12500,0.0,0.0254,71.3,0.000400682,1.0,
119.137,3150,5.4,0.1524,39.6,0.00485029,-1.0,
122.218,2000,12.3,0.1016,71.3,0.033779199999999995,-1.0,
116.417,6300,2.0,0.2286,39.6,0.00346574,-1.0,
117.649,5000,4.0,0.2286,39.6,0.00473801,-1.0,
132.828,5000,4.2,0.0508,71.3,0.00142788,1.0,
133.063,1250,0.0,0.1016,31.7,0.00150092,1.0,
121.851,315,1.5,0.3048,39.6,0.00392107,-1.0,
112.506,200,17.4,0.0254,71.3,0.016104,-1.0,
125.157,500,2.0,0.2286,39.6,0.00346574,-1.0,
127.404,630,2.7,0.1524,71.3,0.00243851,-0.6720560556131364,124.95061179787767
136.583,315,8.9,0.1016,71.3,0.0103088,1.0,
127.251,630,3.3,0.1016,39.6,0.00245138,0.43424777393502895,125.15061179787767
133.79,800,11.2,0.0508,39.6,0.015047799999999997,1.0,
118.045,3150,15.4,0.0508,31.7,0.0289853,-1.0,
134.43,4000,0.0,0.0508,71.3,0.000740478,1.0,
130.34,6300,0.0,0.0508,31.7,0.000812164,1.0,
127.358,1250,7.3,0.2286,71.3,0.0104404,0.19131700516362976,125.15061179787767
135.459,315,9.9,0.1524,71.3,0.0193001,1.0,
128.40200000000002,3150,8.4,0.0508,55.5,0.00544854,1.0,
122.956,1000,4.8,0.0254,39.6,0.000907475,-1.0,
131.31,2500,0.0,0.0508,71.3,0.000740478,1.0,
114.9,8000,5.3,0.2286,71.3,0.0051942,-1.0,
139.428,400,12.3,0.1016,71.3,0.033779199999999995,1.0,
124.233,2000,8.9,0.1016,71.3,0.0103088,-1.0,
121.66,400,0.0,0.2286,55.5,0.00229336,-1.0,
130.033,1000,0.0,0.1524,39.6,0.00193287,1.0,
130.311,500,11.2,0.0508,71.3,0.014072,1.0,
108.034,5000,12.6,0.1524,71.3,0.0483159,-1.0,
124.439,1600,3.0,0.3048,55.5,0.00452492,-1.0,
127.206,800,9.5,0.0254,71.3,0.00420654,-0.6948900104819163,124.95061179787768
130.934,630,7.3,0.2286,55.5,0.0111706,1.0,
119.945,2500,15.4,0.0508,31.7,0.0289853,-1.0,
138.123,400,8.9,0.1016,71.3,0.0103088,1.0,
116.468,3150,15.6,0.1016,71.3,0.0437259,-1.0,
131.453,12500,0.0,0.0254,55.5,0.00041229,1.0,
117.119,1600,9.9,0.1524,31.7,0.0252785,-1.0,
132.35399999999998,3150,4.8,0.0254,55.5,0.000873218,1.0,
134.058,400,15.6,0.1016,71.3,0.0437259,1.0,
128.381,315,11.2,0.0508,71.3,0.014072,0.7693451851175324,125.15061179787767
116.02,315,12.6,0.1524,39.6,0.05841130000000001,-1.0,
115.311,5000,5.3,0.2286,39.6,0.00614329,-1.0,
128.398,2000,4.8,0.0254,71.3,0.000848633,1.0,
128.713,315,7.2,0.1524,71.3,0.00752039,1.0,
129.494,800,3.0,0.3048,71.3,0.00425727,0.9025754429013129,125.15061179787767
110.224,10000,3.0,0.3048,71.3,0.00425727,-1.0,
130.197,1600,4.2,0.0508,39.6,0.00152689,1.0,
131.918,6300,0.0,0.0508,39.6,0.000791822,1.0,
117.432,8000,3.3,0.1016,31.7,0.00251435,-1.0,
120.088,2000,3.0,0.3048,31.7,0.00529514,-1.0,
107.284,6300,12.6,0.1524,71.3,0.0483159,-1.0,
125.627,16000,0.0,0.0254,31.7,0.000439472,0.47638820212232413,125.15061179787769
135.433,1000,8.9,0.1016,71.3,0.0103088,1.0,
130.845,1250,15.4,0.0508,71.3,0.0264269,1.0,
127.801,4000,0.0,0.1016,39.6,0.00146332,1.0,
123.416,400,22.2,0.0254,39.6,0.0229028,-1.0,
119.159,4000,4.0,0.2286,39.6,0.00473801,-1.0,
124.986,16000,0.0,0.0254,39.6,0.000428464,0.0,
119.115,250,19.7,0.0508,71.3,0.034118300000000004,-1.0,
122.371,5000,3.3,0.1016,39.6,0.00245138,1.0,
138.607,5000,0.0,0.0254,31.7,0.000439472,1.0,
130.77700000000002,1250,5.4,0.1524,55.5,0.00433288,1.0,
118.712,6300,2.0,0.2286,55.5,0.00313525,-1.0,
126.565,800,9.9,0.1524,55.5,0.0208438,-0.1096164095355304,124.95061179787768
110.124,6300,12.3,0.1016,55.5,0.0368233,-1.0,
129.86700000000002,8000,0.0,0.0254,71.3,0.000400682,1.0,
120.555,1250,9.9,0.1524,39.6,0.0233328,-1.0,
115.461,400,17.4,0.0254,55.5,0.016570599999999998,-1.0,
114.085,2000,12.3,0.1016,39.6,0.0408268,-1.0,
122.175,5000,0.0,0.2286,39.6,0.00253511,-1.0,
133.707,2500,0.0,0.0254,71.3,0.000400682,1.0,
116.146,200,17.4,0.0254,31.7,0.017663099999999998,-1.0,
126.43,250,11.2,0.0508,39.6,0.015047799999999997,1.0,
127.899,1000,0.0,0.3048,39.6,0.00310138,1.0,
112.355,5000,15.4,0.0508,31.7,0.0289853,-1.0,
118.998,2500,15.6,0.1016,71.3,0.0437259,-1.0,
119.606,5000,0.0,0.3048,55.5,0.00283081,-1.0,
123.565,400,0.0,0.2286,39.6,0.00253511,-1.0,
115.846,315,17.4,0.0254,71.3,0.016104,-1.0,
130.935,4000,0.0,0.1016,71.3,0.00121072,1.0,
129.468,1600,4.0,0.2286,71.3,0.00400603,1.0,
130.173,500,4.0,0.3048,39.6,0.00579636,1.0,
135.346,4000,0.0,0.0254,39.6,0.000428464,1.0,
122.088,1600,3.0,0.3048,31.7,0.00529514,-1.0,
131.471,630,5.4,0.1524,31.7,0.00525474,1.0,
133.756,1600,9.5,0.0254,71.3,0.00420654,1.0,
118.859,4000,4.0,0.2286,31.7,0.00509068,-1.0,
133.012,1000,3.3,0.1016,31.7,0.00251435,1.0,
127.591,1600,0.0,0.3048,71.3,0.00266337,1.0,
119.253,10000,0.0,0.1524,55.5,0.00172668,-1.0,
120.034,5000,4.0,0.2286,55.5,0.0042862,-1.0,
119.806,500,17.4,0.0254,71.3,0.016104,-1.0,
127.417,630,2.0,0.2286,39.6,0.00346574,1.0,
111.076,12500,0.0,0.3048,55.5,0.00283081,-1.0,
118.134,5000,3.0,0.3048,71.3,0.00425727,-1.0,
136.798,500,7.3,0.2286,71.3,0.0104404,1.0,
109.951,200,17.4,0.0254,55.5,0.016570599999999998,-1.0,
130.725,800,0.0,0.2286,31.7,0.0027238,1.0,
128.139,2000,2.7,0.1524,39.6,0.00294804,1.0,
120.228,2000,7.2,0.1524,39.6,0.00909175,-1.0,
128.175,315,4.0,0.3048,71.3,0.00497773,1.0,
128.444,800,7.3,0.2286,55.5,0.0111706,1.0,
134.56799999999998,2000,6.7,0.1016,71.3,0.00478288,1.0,
131.796,1000,17.4,0.0254,31.7,0.017663099999999998,1.0,
126.097,2500,22.2,0.0254,71.3,0.0214178,1.0,
121.165,1250,12.3,0.1016,39.6,0.0408268,-1.0,
121.235,315,19.7,0.0508,71.3,0.034118300000000004,-1.0,
124.647,2000,5.4,0.1524,39.6,0.00485029,0.39329986431407893,125.15061179787767
124.717,315,12.3,0.1016,31.7,0.0418756,-0.46521202503247294,124.95061179787768
116.134,6300,3.0,0.3048,71.3,0.00425727,-1.0,
123.207,400,12.3,0.1016,31.7,0.0418756,-1.0,
120.247,10000,0.0,0.1524,71.3,0.0015988,-1.0,
130.955,500,6.7,0.1016,39.6,0.00578076,1.0,
134.11,4000,0.0,0.0508,31.7,0.000812164,1.0,
113.055,3150,12.3,0.1016,39.6,0.0408268,-1.0,
116.56,800,12.6,0.1524,39.6,0.05841130000000001,-1.0,
119.35,3150,8.9,0.1016,39.6,0.0124596,-1.0,
123.453,5000,0.0,0.1524,39.6,0.00193287,-0.800099310579143,124.95061179787767
119.229,4000,0.0,0.3048,39.6,0.00310138,-1.0,
121.657,8000,22.2,0.0254,71.3,0.0214178,-1.0,
128.241,1000,5.4,0.1524,31.7,0.00525474,1.0,
130.195,1000,8.4,0.0508,39.6,0.00566229,1.0,
119.513,500,0.0,0.1524,39.6,0.00193287,-1.0,
131.362,800,3.3,0.1016,31.7,0.00251435,1.0,
129.965,2000,8.4,0.0508,39.6,0.00566229,1.0,
113.665,8000,4.0,0.3048,71.3,0.00497773,-1.0,
129.5,4000,0.0,0.1016,55.5,0.00131983,1.0,
127.101,250,11.2,0.0508,71.3,0.014072,1.0,
129.77700000000002,5000,4.2,0.0508,39.6,0.00152689,1.0,
127.224,250,19.7,0.0508,39.6,0.036484,1.0,
130.96,800,0.0,0.0508,71.3,0.000740478,1.0,
131.43,1250,0.0,0.1016,55.5,0.00131983,1.0,
125.499,1250,0.0,0.3048,39.6,0.00310138,-1.0,
116.184,2500,19.7,0.0508,39.6,0.036484,-1.0,
131.467,1250,0.0,0.1524,31.7,0.00209405,1.0,
113.315,2500,12.3,0.1016,39.6,0.0408268,-1.0,
118.595,250,0.0,0.3048,31.7,0.00331266,-1.0,
110.317,2500,12.3,0.1016,31.7,0.0418756,-1.0,
111.818,3150,7.2,0.1524,39.6,0.00909175,-1.0,
123.304,630,12.6,0.1524,71.3,0.0483159,-1.0,
114.569,5000,9.9,0.1524,71.3,0.0193001,-1.0,
124.843,1600,15.4,0.0508,39.6,0.0282593,0.6718305109458312,125.15061179787767
116.694,10000,3.3,0.1016,71.3,0.00202822,-1.0,
138.75799999999998,200,7.3,0.2286,71.3,0.0104404,1.0,
129.953,1250,0.0,0.1524,55.5,0.00172668,1.0,
123.445,2500,0.0,0.2286,31.7,0.0027238,-1.0,
134.226,2500,8.4,0.0508,71.3,0.00529514,1.0,
129.148,1250,0.0,0.0508,39.6,0.000791822,1.0,
108.689,6300,9.9,0.1524,31.7,0.0252785,-1.0,
129.653,2000,6.7,0.1016,55.5,0.0052139,1.0,
131.205,1250,8.4,0.0508,39.6,0.00566229,1.0,
132.149,315,7.3,0.2286,39.6,0.0123481,1.0,
131.221,400,5.3,0.2286,39.6,0.00614329,1.0,
129.88,500,5.3,0.2286,71.3,0.0051942,1.0,
123.443,2000,15.4,0.0508,39.6,0.0282593,-0.15168898453652163,124.95061179787767
125.966,1600,4.8,0.0254,39.6,0.000907475,0.19608516217933739,125.15061179787767
128.42700000000002,1250,4.2,0.0508,39.6,0.00152689,1.0,
121.009,500,2.7,0.1524,39.6,0.00294804,-1.0,
127.688,12500,4.8,0.0254,71.3,0.000848633,1.0,
123.595,200,15.4,0.0508,71.3,0.0264269,-1.0,
119.135,3150,0.0,0.3048,31.7,0.00331266,-1.0,
116.559,2500,7.3,0.2286,39.6,0.0123481,-1.0,
116.366,500,4.8,0.0254,39.6,0.000907475,-1.0,
127.122,800,1.5,0.3048,71.3,0.00336729,-1.0,
130.781,1000,0.0,0.1016,39.6,0.00146332,1.0,
124.45,8000,0.0,0.1016,55.5,0.00131983,-0.27907845042369994,124.95061179787767
121.306,2500,22.2,0.0254,39.6,0.0229028,-1.0,
133.201,1000,5.4,0.1524,71.3,0.00401199,1.0,
118.091,8000,3.3,0.1016,39.6,0.00245138,-1.0,
119.737,6300,0.0,0.1524,31.7,0.00209405,-1.0,
135.368,630,12.3,0.1016,71.3,0.033779199999999995,1.0,
129.567,2000,12.7,0.0254,39.6,0.013025299999999998,1.0,
109.52,2000,12.6,0.1524,39.6,0.05841130000000001,-1.0,
120.573,500,0.0,0.1524,55.5,0.00172668,-1.0,
124.214,1250,12.3,0.1016,55.5,0.0368233,-1.0,
130.148,2000,4.8,0.0254,31.7,0.000930789,1.0,
123.839,6300,3.3,0.1016,55.5,0.002211,0.7276779015397938,125.15061179787767
135.484,5000,4.8,0.0254,55.5,0.000873218,1.0,
125.63,2500,15.4,0.0508,55.5,0.0271925,1.0,
134.515,1000,6.7,0.1016,39.6,0.00578076,1.0,
128.365,630,19.7,0.0508,71.3,0.034118300000000004,1.0,
130.026,2000,0.0,0.0254,39.6,0.000428464,1.0,
133.611,630,11.2,0.0508,71.3,0.014072,1.0,
127.233,4000,0.0,0.1524,55.5,0.00172668,1.0,
124.525,1000,15.4,0.0508,31.7,0.0289853,-0.7443512592937918,124.95061179787768
129.645,630,15.4,0.0508,71.3,0.0264269,1.0,
129.937,500,5.4,0.1524,39.6,0.00485029,1.0,
114.779,8000,0.0,0.3048,39.6,0.00310138,-1.0,
135.164,6300,4.8,0.0254,55.5,0.000873218,1.0,
129.969,1000,4.0,0.2286,39.6,0.00473801,1.0,
113.334,3150,12.6,0.1524,71.3,0.0483159,-1.0,
117.309,5000,3.0,0.3048,55.5,0.00452492,-1.0,
128.67700000000002,1250,2.0,0.2286,31.7,0.00372371,1.0,
114.75,200,12.6,0.1524,39.6,0.05841130000000001,-1.0,
126.534,4000,2.7,0.1524,71.3,0.00243851,1.0,
124.42,2000,11.2,0.0508,39.6,0.015047799999999997,0.20583629788191052,125.15061179787767
130.748,800,7.3,0.2286,71.3,0.0104404,1.0,
124.222,6300,9.5,0.0254,55.5,0.0043284,0.5189150441575698,125.15061179787767
128.412,5000,9.5,0.0254,55.5,0.0043284,1.0,
118.214,1250,15.6,0.1016,39.6,0.0528487,-1.0,
133.22299999999998,4000,0.0,0.0254,55.5,0.00041229,1.0,
120.354,2000,7.3,0.2286,55.5,0.0111706,-1.0,
130.335,1250,0.0,0.1016,71.3,0.00121072,1.0,
122.292,400,2.0,0.2286,55.5,0.00313525,-1.0,
124.931,2500,17.4,0.0254,55.5,0.016570599999999998,-0.5869135908830418,124.95061179787768
123.564,3150,17.4,0.0254,39.6,0.0172206,-0.10821499512976207,124.95061179787768
113.08,5000,8.9,0.1016,39.6,0.0124596,-1.0,
131.864,800,4.0,0.2286,55.5,0.0042862,1.0,
134.47799999999998,800,6.7,0.1016,71.3,0.00478288,1.0,
115.996,8000,2.0,0.2286,71.3,0.00293031,-1.0,
130.239,315,7.3,0.2286,31.7,0.0132672,1.0,
127.356,630,2.0,0.2286,71.3,0.00293031,1.0,
126.898,500,12.7,0.0254,71.3,0.0121808,-0.31456215036734125,124.95061179787768
124.852,4000,3.3,0.1016,31.7,0.00251435,0.9285594679568481,125.15061179787769
118.134,10000,0.0,0.2286,71.3,0.00214345,-1.0,
132.095,2000,0.0,0.1016,71.3,0.00121072,1.0,
121.154,400,9.5,0.0254,39.6,0.00449821,-1.0,
123.543,250,4.0,0.3048,39.6,0.00579636,-1.0,
125.586,4000,17.4,0.0254,71.3,0.016104,1.0,
122.086,3150,8.4,0.0508,31.7,0.00580776,-1.0,
126.807,400,5.4,0.1524,55.5,0.00433288,1.0,
110.839,6300,7.3,0.2286,39.6,0.0123481,-1.0,
121.933,20000,0.0,0.0254,55.5,0.00041229,-1.0,
120.233,2500,4.0,0.3048,39.6,0.00579636,-1.0,
117.957,8000,0.0,0.1524,31.7,0.00209405,-1.0,
126.471,1600,17.4,0.0254,55.5,0.016570599999999998,0.7147999222772577,125.15061179787767
124.356,2000,17.4,0.0254,31.7,0.017663099999999998,-0.554923793075874,124.95061179787767
120.419,3150,4.0,0.2286,39.6,0.00473801,-1.0,
129.285,2000,15.4,0.0508,71.3,0.0264269,1.0,
130.722,1000,8.4,0.0508,55.5,0.00544854,1.0,
126.826,2000,17.4,0.0254,71.3,0.016104,1.0,
119.209,6300,2.7,0.1524,39.6,0.00294804,-1.0,
123.835,1000,9.9,0.1524,39.6,0.0233328,-1.0,
124.244,630,12.3,0.1016,55.5,0.0368233,-1.0,
125.465,8000,0.0,0.1016,71.3,0.00121072,1.0,
122.905,500,8.4,0.0508,39.6,0.00566229,-1.0,
130.123,400,7.2,0.1524,71.3,0.00752039,1.0,
135.32399999999998,800,17.4,0.0254,39.6,0.0172206,1.0,
129.569,630,3.0,0.3048,55.5,0.00452492,1.0,
